Product,Price,Rating,Monthly Sales,Monthly Revenue,Shipping Size Tier,BSR,Details
N/A,N/A,N/A,,,,,https://aax-eu.amazon.in/x/c/JHZ4SzTmVsg1uhXbaSteox4AAAGT3XsL6QMAAAH2AQBvbm9fdHhuX2JpZDMgICBvbm9fdHhuX2ltcDIgICB8JnEb/clv1_CEuOPUxokZA0iHrVVuEt5wT3ck9qfoVrmpsb7R_TqeFVx39m63PbKPw18HHE8xvVjq0yzpNb3X7OfU3-A3tyAUhHEQajKdvfLB8jal1paAL_HqZzxYgc6JJGZxGb-QgaunlBFGcIKAi9vbEL081pr8W4XohlHbg_BEsiAfh4AU7Nla3P0ApjH1CidIDkKrBsWjUXdtnElYxSBHJsPNJNY_QI-IOhmsk6DgPPMrRt0wkY845lmbT7HA8wnUS0gVVZQGLgLuCL5VMn_WUqBMltcRmuOV-brDaLFdz8zbjzRIgtCHqY4OS84xGfoGaz0uTZtYsz88x4YvPGnLLYJf2oI50iF48cPlD_MTeqT8uadpdvlUe14MOq/https://www.amazon.in/stores/page/E823E591-BAFB-45C8-B9BE-2499AB1A851E/?_encoding=UTF8&store_ref=SB_A0785488ADDOAB4IDEZE-A0252300RHS4KXL3ISVN&pd_rd_plhdr=t&aaxitk=61e7a1e35549d553abbf9c9c9e5e0c97&hsa_cr_id=0&lp_asins=B0DB1SDB87%2CB0DDL495SX%2CB0D262KC1J&lp_query=laptops&lp_slot=auto-sparkle-hsa-tetris&ref_=sbx_be_s_sparkle_lsi4d_bkgd&pd_rd_w=mNMcZ&content-id=amzn1.sym.df9fe057-524b-4172-ac34-9a1b3c4e647d%3Aamzn1.sym.df9fe057-524b-4172-ac34-9a1b3c4e647d&pf_rd_p=df9fe057-524b-4172-ac34-9a1b3c4e647d&pf_rd_r=1QQQQNSEAR6AVH7C7BBT&pd_rd_wg=dGxtn&pd_rd_r=97c34607-011e-4ef1-9f74-235d1dcbecb8
N/A,N/A,N/A,,,,,https://www.amazon.in/s?k=laptops
"Dell Vostro 3530, I5-1334U Processor | Windows 11 Home, Intel UHD Graphics (8GB RAM) | 512GB SSD|Window11|Ms Office'21|15.6""(39.62 Cm) |15 Month McAfee/Titan Grey/1.66Kg Laptop","50,990",N/A,,,,,https://www.amazon.in/sspa/click?ie=UTF8&spc=MTo4NTkyNTQyNDMxODU1NzYwOjE3MzQ1ODc2NDg6c3BfYXRmOjMwMDQzOTExNjQzNzczMjo6MDo6&url=%2FDell-I5-1334U-Processor-Graphics-Window11%2Fdp%2FB0DK7K7M9W%2Fref%3Dsr_1_1_sspa%3Fdib%3DeyJ2IjoiMSJ9.UBlC-T6AVMz3DHbsqN09RTLaJ-vO17u_m21a_xE5kwKVxGLN7b3zYUthLvMYaBYLDb5bJCDG7kzqUPis6E2LlfvrymO2Mp676n4GjoqfvVIAK4UbNZP62lrii3JdfyLVyL0nSUtcnAtaW6DGZqKSJRRdHJrUQChthqJddAneO8sEQMAlXCrpTSyxOoOvWdIe2rZ3zgyjmB7h10nDxIwShP-GEzHdQGpML5TzgJed7l0._CKHaH3YeDztLEk9Ev1ErPtOieY2ZKAeO8J_QD87e7o%26dib_tag%3Dse%26keywords%3Dlaptops%26qid%3D1734587648%26sr%3D8-1-spons%26sp_csd%3Dd2lkZ2V0TmFtZT1zcF9hdGY%26psc%3D1
"Acer Aspire Lite 12th Gen Intel Core i5-12450H Thin and Light Laptop (Windows11Home/16GB RAM/512GB SSD/MSO) AL15-52H, 39.62cm (15.6"") IPS Full HD, Backlit Keyboard, Pure Silver, 1.7KG","49,990",3.9 out of 5 stars,,,,,https://www.amazon.in/sspa/click?ie=UTF8&spc=MTo4NTkyNTQyNDMxODU1NzYwOjE3MzQ1ODc2NDg6c3BfYXRmOjMwMDQzOTQzOTEwODIzMjo6MDo6&url=%2FAcer-i5-12450H-Windows11Home-AL15-52H-Keyboard%2Fdp%2FB0DDL495SX%2Fref%3Dsr_1_2_sspa%3Fdib%3DeyJ2IjoiMSJ9.UBlC-T6AVMz3DHbsqN09RTLaJ-vO17u_m21a_xE5kwKVxGLN7b3zYUthLvMYaBYLDb5bJCDG7kzqUPis6E2LlfvrymO2Mp676n4GjoqfvVIAK4UbNZP62lrii3JdfyLVyL0nSUtcnAtaW6DGZqKSJRRdHJrUQChthqJddAneO8sEQMAlXCrpTSyxOoOvWdIe2rZ3zgyjmB7h10nDxIwShP-GEzHdQGpML5TzgJed7l0._CKHaH3YeDztLEk9Ev1ErPtOieY2ZKAeO8J_QD87e7o%26dib_tag%3Dse%26keywords%3Dlaptops%26qid%3D1734587648%26sr%3D8-2-spons%26sp_csd%3Dd2lkZ2V0TmFtZT1zcF9hdGY%26psc%3D1
(Refurbished) Lenovo ThinkPad 8th Gen Intel Core i5 Thin & Light HD Laptop (16 GB DDR4 RAM/512 GB SSD/14 (35.6 cm) HD/Windows 11/MS Office/WiFi/Bluetooth 4.1/Webcam/Intel Graphics),"18,840",3.8 out of 5 stars,,,,,https://www.amazon.in/Refurbished-Lenovo-ThinkPad-Bluetooth-Graphics/dp/B0DMTPY8PJ/ref=sr_1_3?dib=eyJ2IjoiMSJ9.UBlC-T6AVMz3DHbsqN09RTLaJ-vO17u_m21a_xE5kwKVxGLN7b3zYUthLvMYaBYLDb5bJCDG7kzqUPis6E2LlfvrymO2Mp676n4GjoqfvVIAK4UbNZP62lrii3JdfyLVyL0nSUtcnAtaW6DGZqKSJRRdHJrUQChthqJddAneO8sEQMAlXCrpTSyxOoOvWdIe2rZ3zgyjmB7h10nDxIwShP-GEzHdQGpML5TzgJed7l0._CKHaH3YeDztLEk9Ev1ErPtOieY2ZKAeO8J_QD87e7o&dib_tag=se&keywords=laptops&qid=1734587648&sr=8-3
"Apple MacBook Air Laptop: Apple M1 chip, 13.3-inch/33.74 cm Retina Display, 8GB RAM, 256GB SSD Storage, Backlit Keyboard, FaceTime HD Camera, Touch ID. Works with iPhone/iPad; Space Grey","56,990",4.6 out of 5 stars,,,,,https://www.amazon.in/Apple-MacBook-Chip-13-inch-256GB/dp/B08N5W4NNB/ref=sr_1_4?dib=eyJ2IjoiMSJ9.UBlC-T6AVMz3DHbsqN09RTLaJ-vO17u_m21a_xE5kwKVxGLN7b3zYUthLvMYaBYLDb5bJCDG7kzqUPis6E2LlfvrymO2Mp676n4GjoqfvVIAK4UbNZP62lrii3JdfyLVyL0nSUtcnAtaW6DGZqKSJRRdHJrUQChthqJddAneO8sEQMAlXCrpTSyxOoOvWdIe2rZ3zgyjmB7h10nDxIwShP-GEzHdQGpML5TzgJed7l0._CKHaH3YeDztLEk9Ev1ErPtOieY2ZKAeO8J_QD87e7o&dib_tag=se&keywords=laptops&qid=1734587648&sr=8-4
"(Refurbished) HP EliteBook 820 G4 7th Gen Intel Core i5 Thin & Light HD Laptop (8 GB DDR4 RAM|256 GB SSD|12.5"" (31.8 cm) HD|Windows 11|MS Office|WiFi|Webcam|Intel HD Graphics)","14,999",4.0 out of 5 stars,,,,,https://www.amazon.in/Refurbished-HP-EliteBook-Windows-Graphics/dp/B0DKT4SRBV/ref=sr_1_5?dib=eyJ2IjoiMSJ9.UBlC-T6AVMz3DHbsqN09RTLaJ-vO17u_m21a_xE5kwKVxGLN7b3zYUthLvMYaBYLDb5bJCDG7kzqUPis6E2LlfvrymO2Mp676n4GjoqfvVIAK4UbNZP62lrii3JdfyLVyL0nSUtcnAtaW6DGZqKSJRRdHJrUQChthqJddAneO8sEQMAlXCrpTSyxOoOvWdIe2rZ3zgyjmB7h10nDxIwShP-GEzHdQGpML5TzgJed7l0._CKHaH3YeDztLEk9Ev1ErPtOieY2ZKAeO8J_QD87e7o&dib_tag=se&keywords=laptops&qid=1734587648&sr=8-5
N/A,"31,990",4.1 out of 5 stars,,,,,https://www.amazon.in/s?k=laptops
N/A,"31,990",4.1 out of 5 stars,,,,,https://www.amazon.in/sspa/click?ie=UTF8&spc=MTozOTY1MTc4NzQ0ODcxNTIwOjE3MzQ1ODc2NDg6c3Bfc2VhcmNoX3RoZW1hdGljOjMwMDQzNjE3MDkzNTEzMjo6MDo6&url=%2FHP-Laptop-15-6-inch-Graphics-fc0154AU%2Fdp%2FB0D3HG5CMG%2Fref%3Dsxin_12_pa_sp_search_thematic_sspa%3Fcontent-id%3Damzn1.sym.cd33fa60-47cd-49f3-80b8-24b1f0cbef97%253Aamzn1.sym.cd33fa60-47cd-49f3-80b8-24b1f0cbef97%26cv_ct_cx%3Dlaptops%26keywords%3Dlaptops%26pd_rd_i%3DB0D3HG5CMG%26pd_rd_r%3Dd7c9fd7b-b27e-4d23-a3cb-a8fcf1155e9d%26pd_rd_w%3Duai6U%26pd_rd_wg%3DNwTyH%26pf_rd_p%3Dcd33fa60-47cd-49f3-80b8-24b1f0cbef97%26pf_rd_r%3D1QQQQNSEAR6AVH7C7BBT%26qid%3D1734587648%26sbo%3DRZvfv%252F%252FHxDF%252BO5021pAnSA%253D%253D%26sr%3D1-1-ced4eeeb-b190-41d6-902a-1ecb3fb8b7c4-spons%26sp_csd%3Dd2lkZ2V0TmFtZT1zcF9zZWFyY2hfdGhlbWF0aWM%26psc%3D1
N/A,"49,990",4.1 out of 5 stars,,,,,https://www.amazon.in/sspa/click?ie=UTF8&spc=MTozOTY1MTc4NzQ0ODcxNTIwOjE3MzQ1ODc2NDg6c3Bfc2VhcmNoX3RoZW1hdGljOjMwMDI4Mjc2MTM5NDkzMjo6MTo6&url=%2FHP-i5-1334U-15-6-inch-Speakers-15-fd0220TU%2Fdp%2FB0CY2PZZJB%2Fref%3Dsxin_12_pa_sp_search_thematic_sspa%3Fcontent-id%3Damzn1.sym.cd33fa60-47cd-49f3-80b8-24b1f0cbef97%253Aamzn1.sym.cd33fa60-47cd-49f3-80b8-24b1f0cbef97%26cv_ct_cx%3Dlaptops%26keywords%3Dlaptops%26pd_rd_i%3DB0CY2PZZJB%26pd_rd_r%3Dd7c9fd7b-b27e-4d23-a3cb-a8fcf1155e9d%26pd_rd_w%3Duai6U%26pd_rd_wg%3DNwTyH%26pf_rd_p%3Dcd33fa60-47cd-49f3-80b8-24b1f0cbef97%26pf_rd_r%3D1QQQQNSEAR6AVH7C7BBT%26qid%3D1734587648%26sbo%3DRZvfv%252F%252FHxDF%252BO5021pAnSA%253D%253D%26sr%3D1-2-ced4eeeb-b190-41d6-902a-1ecb3fb8b7c4-spons%26sp_csd%3Dd2lkZ2V0TmFtZT1zcF9zZWFyY2hfdGhlbWF0aWM%26psc%3D1
N/A,"75,990",4.0 out of 5 stars,,,,,https://www.amazon.in/sspa/click?ie=UTF8&spc=MTozOTY1MTc4NzQ0ODcxNTIwOjE3MzQ1ODc2NDg6c3Bfc2VhcmNoX3RoZW1hdGljOjMwMDMzMzcyNzA4MTkzMjo6Mjo6&url=%2FDell-Smartchoice-G15-5530-Gaming-i5-13450HX%2Fdp%2FB0CRKXDX83%2Fref%3Dsxin_12_pa_sp_search_thematic_sspa%3Fcontent-id%3Damzn1.sym.cd33fa60-47cd-49f3-80b8-24b1f0cbef97%253Aamzn1.sym.cd33fa60-47cd-49f3-80b8-24b1f0cbef97%26cv_ct_cx%3Dlaptops%26keywords%3Dlaptops%26pd_rd_i%3DB0CRKXDX83%26pd_rd_r%3Dd7c9fd7b-b27e-4d23-a3cb-a8fcf1155e9d%26pd_rd_w%3Duai6U%26pd_rd_wg%3DNwTyH%26pf_rd_p%3Dcd33fa60-47cd-49f3-80b8-24b1f0cbef97%26pf_rd_r%3D1QQQQNSEAR6AVH7C7BBT%26qid%3D1734587648%26sbo%3DRZvfv%252F%252FHxDF%252BO5021pAnSA%253D%253D%26sr%3D1-3-ced4eeeb-b190-41d6-902a-1ecb3fb8b7c4-spons%26sp_csd%3Dd2lkZ2V0TmFtZT1zcF9zZWFyY2hfdGhlbWF0aWM%26psc%3D1
N/A,"36,999",4.0 out of 5 stars,,,,,https://www.amazon.in/sspa/click?ie=UTF8&spc=MTozOTY1MTc4NzQ0ODcxNTIwOjE3MzQ1ODc2NDg6c3Bfc2VhcmNoX3RoZW1hdGljOjMwMDExOTk5Mjg4ODczMjo6Mzo6&url=%2FHP-i3-1215U-15-6-inch-Graphics-Speakers%2Fdp%2FB0BP2M7CCS%2Fref%3Dsxin_12_pa_sp_search_thematic_sspa%3Fcontent-id%3Damzn1.sym.cd33fa60-47cd-49f3-80b8-24b1f0cbef97%253Aamzn1.sym.cd33fa60-47cd-49f3-80b8-24b1f0cbef97%26cv_ct_cx%3Dlaptops%26keywords%3Dlaptops%26pd_rd_i%3DB0BP2M7CCS%26pd_rd_r%3Dd7c9fd7b-b27e-4d23-a3cb-a8fcf1155e9d%26pd_rd_w%3Duai6U%26pd_rd_wg%3DNwTyH%26pf_rd_p%3Dcd33fa60-47cd-49f3-80b8-24b1f0cbef97%26pf_rd_r%3D1QQQQNSEAR6AVH7C7BBT%26qid%3D1734587648%26sbo%3DRZvfv%252F%252FHxDF%252BO5021pAnSA%253D%253D%26sr%3D1-4-ced4eeeb-b190-41d6-902a-1ecb3fb8b7c4-spons%26sp_csd%3Dd2lkZ2V0TmFtZT1zcF9zZWFyY2hfdGhlbWF0aWM%26psc%3D1
"Qatalitic Portable Metal Frame Laptop Stand Holder, Multi Level Adjustable Aluminum Ergonomic Foldable Stand, OverHeating Protection for All Laptops and for Multifunction Use (Silver)",444,4.3 out of 5 stars,,,,,https://aax-eu.amazon.in/x/c/JI7uzjQVx1x0nmJNQvYOA4kAAAGT3XsLyAMAAAH2AQBvbm9fdHhuX2JpZDIgICBvbm9fdHhuX2ltcDEgICBkAoMO/clv1_CEuOPUxokZA0iHrVWPpy5AT6cFBLcoE4hZRe3m2Fq8908X9W63PbKPw18HHE8xvVjq0yzpNb3X7OfU2IA3t8GhdEEQuhNvrTKEw8ZRhaGlT9MIdFxYgc6JJGZyeD6xsg0Rgbr4Br3LDLjPPgMJ3dHM-R7f-u8u41tMihnYX_NQryj_2SzA5iHAfgdMGxdPd3RX4BNMPRk4waGzVhJ9pPeOEBzMmuj9Q7BRDVTeUh3R8Eu592kKrmQUwvwki1wFwcXzj1L_vC-RRzkVMXJNgyNl79V1CCqADWJuyhsJPGcrJuEn3j8K6Y8BeXTTL9Ms2b3fQUJo8ah7-i5ePyAdSkJudp3sh3dT0uhfZMGLoDcPPmHnJ3yxDiEozfHSC2646y/https://www.amazon.in/dp/B0CXM74G3H?pd_rd_i=B0CXM74G3H&pf_rd_p=288d7cd9-bdfb-4778-882a-c15de0f76151&pf_rd_r=1QQQQNSEAR6AVH7C7BBT&pd_rd_wg=NwTyH&pd_rd_w=5bb0R&pd_rd_r=d7c9fd7b-b27e-4d23-a3cb-a8fcf1155e9d
N/A,N/A,N/A,,,,,https://www.amazon.in/s?k=laptops
"Lenovo V14 G3 (2024), Intel Core i5 12th Gen 1235U /16GB/512GB SSD/Intel UHD Graphics/Windows 11/ Thin and Light Business Laptop/14.0"" FHD Display/Iron Grey/1.57 kg/MS Office","38,450",4.5 out of 5 stars,,,,,https://www.amazon.in/Lenovo-V14-G3-Graphics-Business/dp/B08HJWSGW6/ref=sr_1_6?dib=eyJ2IjoiMSJ9.UBlC-T6AVMz3DHbsqN09RTLaJ-vO17u_m21a_xE5kwKVxGLN7b3zYUthLvMYaBYLDb5bJCDG7kzqUPis6E2LlfvrymO2Mp676n4GjoqfvVIAK4UbNZP62lrii3JdfyLVyL0nSUtcnAtaW6DGZqKSJRRdHJrUQChthqJddAneO8sEQMAlXCrpTSyxOoOvWdIe2rZ3zgyjmB7h10nDxIwShP-GEzHdQGpML5TzgJed7l0._CKHaH3YeDztLEk9Ev1ErPtOieY2ZKAeO8J_QD87e7o&dib_tag=se&keywords=laptops&qid=1734587648&sr=8-6
"Acer Aspire 3 Laptop Intel Core Celeron N4500 Processor Laptop (8 GB LPDDR4X SDRAM/512 GB SSD/Win11 Home/38 WHR/HD Webcam) A325-45 with 39.63 cm (15.6"") HD Display, Pure Silver, 1.5 KG","21,990",3.2 out of 5 stars,,,,,https://www.amazon.in/Acer-Celeron-Processor-LPDDR4X-A325-45/dp/B0D7PYTTGH/ref=sr_1_7?dib=eyJ2IjoiMSJ9.UBlC-T6AVMz3DHbsqN09RTLaJ-vO17u_m21a_xE5kwKVxGLN7b3zYUthLvMYaBYLDb5bJCDG7kzqUPis6E2LlfvrymO2Mp676n4GjoqfvVIAK4UbNZP62lrii3JdfyLVyL0nSUtcnAtaW6DGZqKSJRRdHJrUQChthqJddAneO8sEQMAlXCrpTSyxOoOvWdIe2rZ3zgyjmB7h10nDxIwShP-GEzHdQGpML5TzgJed7l0._CKHaH3YeDztLEk9Ev1ErPtOieY2ZKAeO8J_QD87e7o&dib_tag=se&keywords=laptops&qid=1734587648&sr=8-7
"HP Laptop 15s, 12th Gen Intel Core i3, 15.6-inch (39.6 cm), 8GB DDR4, 512GB SSD, Thin & Light, Dual Speakers (Win 11, MSO 2021, Silver, 1.69 kg), fq5007TU / FQ5327TU","36,999",4.0 out of 5 stars,,,,,https://www.amazon.in/HP-i3-1215U-15-6-inch-Graphics-Speakers/dp/B0BP2M7CCS/ref=sr_1_8?dib=eyJ2IjoiMSJ9.UBlC-T6AVMz3DHbsqN09RTLaJ-vO17u_m21a_xE5kwKVxGLN7b3zYUthLvMYaBYLDb5bJCDG7kzqUPis6E2LlfvrymO2Mp676n4GjoqfvVIAK4UbNZP62lrii3JdfyLVyL0nSUtcnAtaW6DGZqKSJRRdHJrUQChthqJddAneO8sEQMAlXCrpTSyxOoOvWdIe2rZ3zgyjmB7h10nDxIwShP-GEzHdQGpML5TzgJed7l0._CKHaH3YeDztLEk9Ev1ErPtOieY2ZKAeO8J_QD87e7o&dib_tag=se&keywords=laptops&qid=1734587648&sr=8-8
"Lenovo IdeaPad Slim 1 Intel Core Celeron N4020 14"" HD Thin and Light Laptop (8GB/512GB SSD/Windows 11 Home/Office 21/1Yr Warranty/Cloud Grey/1.3Kg), 82V6009LIN","23,990",3.2 out of 5 stars,,,,,https://www.amazon.in/Lenovo-IdeaPad-Celeron-Warranty-82V6009LIN/dp/B0D6Z2H2HR/ref=sr_1_9?dib=eyJ2IjoiMSJ9.UBlC-T6AVMz3DHbsqN09RTLaJ-vO17u_m21a_xE5kwKVxGLN7b3zYUthLvMYaBYLDb5bJCDG7kzqUPis6E2LlfvrymO2Mp676n4GjoqfvVIAK4UbNZP62lrii3JdfyLVyL0nSUtcnAtaW6DGZqKSJRRdHJrUQChthqJddAneO8sEQMAlXCrpTSyxOoOvWdIe2rZ3zgyjmB7h10nDxIwShP-GEzHdQGpML5TzgJed7l0._CKHaH3YeDztLEk9Ev1ErPtOieY2ZKAeO8J_QD87e7o&dib_tag=se&keywords=laptops&qid=1734587648&sr=8-9
"Lenovo V15 G4 AMD Athlon Silver 7120U Laptop 8GB LPDDR5 Ram, 512 GB SSD PCIe, Windows 11 Lifetime Validity,15.6"" FHD Screen, AMD Radeon 610M, Silver, 1 Year Brand Warranty","24,990",4.0 out of 5 stars,,,,,https://www.amazon.in/Lenovo-V15-Lifetime-Validity-Warranty/dp/B0CL7CMTXS/ref=sr_1_10?dib=eyJ2IjoiMSJ9.UBlC-T6AVMz3DHbsqN09RTLaJ-vO17u_m21a_xE5kwKVxGLN7b3zYUthLvMYaBYLDb5bJCDG7kzqUPis6E2LlfvrymO2Mp676n4GjoqfvVIAK4UbNZP62lrii3JdfyLVyL0nSUtcnAtaW6DGZqKSJRRdHJrUQChthqJddAneO8sEQMAlXCrpTSyxOoOvWdIe2rZ3zgyjmB7h10nDxIwShP-GEzHdQGpML5TzgJed7l0._CKHaH3YeDztLEk9Ev1ErPtOieY2ZKAeO8J_QD87e7o&dib_tag=se&keywords=laptops&qid=1734587648&sr=8-10
"MSI Thin 15, Intel 13th Gen. Core i5-13420H, 40CM FHD 144Hz Gaming Laptop(16GB/512GB NVMe SSD/Windows 11 Home/NVIDIA GeForce RTX 3050,GDDR6 4GB/Cosmos Gray/1.86Kg), B13UC-1805IN","59,890",4.5 out of 5 stars,,,,,https://www.amazon.in/sspa/click?ie=UTF8&spc=MTo4NTkyNTQyNDMxODU1NzYwOjE3MzQ1ODc2NDg6c3BfbXRmOjMwMDM0NjY5MTA4OTIzMjo6MDo6&url=%2FMSI-i5-13420H-Windows-GeForce-B13UC-1805IN%2Fdp%2FB0CV9J1QSM%2Fref%3Dsr_1_11_sspa%3Fdib%3DeyJ2IjoiMSJ9.UBlC-T6AVMz3DHbsqN09RTLaJ-vO17u_m21a_xE5kwKVxGLN7b3zYUthLvMYaBYLDb5bJCDG7kzqUPis6E2LlfvrymO2Mp676n4GjoqfvVIAK4UbNZP62lrii3JdfyLVyL0nSUtcnAtaW6DGZqKSJRRdHJrUQChthqJddAneO8sEQMAlXCrpTSyxOoOvWdIe2rZ3zgyjmB7h10nDxIwShP-GEzHdQGpML5TzgJed7l0._CKHaH3YeDztLEk9Ev1ErPtOieY2ZKAeO8J_QD87e7o%26dib_tag%3Dse%26keywords%3Dlaptops%26qid%3D1734587648%26sr%3D8-11-spons%26sp_csd%3Dd2lkZ2V0TmFtZT1zcF9tdGY%26psc%3D1
"MSI Thin 15, Intel 12th Gen. Core i5 12450H, 40CM Gaming Laptop(16GB/1TB NVMe SSD/Windows 11 Home/Nvidia GeForce RTX 3050, 4GB GDDR6/Cosmos Gray/1.86kg), B12UC-2086IN","59,990",5.0 out of 5 stars,,,,,https://www.amazon.in/sspa/click?ie=UTF8&spc=MTo4NTkyNTQyNDMxODU1NzYwOjE3MzQ1ODc2NDg6c3BfbXRmOjMwMDM2MjA4NDE4ODEzMjo6MDo6&url=%2FMSI-12450H-Windows-GeForce-B12UC-2086IN%2Fdp%2FB0D2J17HNJ%2Fref%3Dsr_1_12_sspa%3Fdib%3DeyJ2IjoiMSJ9.UBlC-T6AVMz3DHbsqN09RTLaJ-vO17u_m21a_xE5kwKVxGLN7b3zYUthLvMYaBYLDb5bJCDG7kzqUPis6E2LlfvrymO2Mp676n4GjoqfvVIAK4UbNZP62lrii3JdfyLVyL0nSUtcnAtaW6DGZqKSJRRdHJrUQChthqJddAneO8sEQMAlXCrpTSyxOoOvWdIe2rZ3zgyjmB7h10nDxIwShP-GEzHdQGpML5TzgJed7l0._CKHaH3YeDztLEk9Ev1ErPtOieY2ZKAeO8J_QD87e7o%26dib_tag%3Dse%26keywords%3Dlaptops%26qid%3D1734587648%26sr%3D8-12-spons%26sp_csd%3Dd2lkZ2V0TmFtZT1zcF9tdGY%26psc%3D1
"Acer [Smartchoice Aspire Lite AMD Ryzen 3 5300U Premium Thin and Light Laptop (Windows 11 Home/8 GB RAM/512 GB SSD) AL15-41 with 39.62 cm (15.6"") Full HD Display, Metal Body, Steel Gray, 1.6 KG","27,030",3.9 out of 5 stars,,,,,https://www.amazon.in/Acer-Smartchoice-Premium-Windows-AL15-41/dp/B0CWTSF1TK/ref=sr_1_13?dib=eyJ2IjoiMSJ9.UBlC-T6AVMz3DHbsqN09RTLaJ-vO17u_m21a_xE5kwKVxGLN7b3zYUthLvMYaBYLDb5bJCDG7kzqUPis6E2LlfvrymO2Mp676n4GjoqfvVIAK4UbNZP62lrii3JdfyLVyL0nSUtcnAtaW6DGZqKSJRRdHJrUQChthqJddAneO8sEQMAlXCrpTSyxOoOvWdIe2rZ3zgyjmB7h10nDxIwShP-GEzHdQGpML5TzgJed7l0._CKHaH3YeDztLEk9Ev1ErPtOieY2ZKAeO8J_QD87e7o&dib_tag=se&keywords=laptops&qid=1734587648&sr=8-13
"Dell [Smartchoice] Core i3-1215U, 12th Gen (8GB RAM/512GB SSD/FHD/Window 11/MS Office' 21/15""(38 cm)/15 Month McAfee/Black/1.69kg Laptop","35,990",3.6 out of 5 stars,,,,,https://www.amazon.in/Dell-Smartchoice-i3-1215U-Processor-Spill-Resistant/dp/B0BQJ68HHC/ref=sr_1_14?dib=eyJ2IjoiMSJ9.UBlC-T6AVMz3DHbsqN09RTLaJ-vO17u_m21a_xE5kwKVxGLN7b3zYUthLvMYaBYLDb5bJCDG7kzqUPis6E2LlfvrymO2Mp676n4GjoqfvVIAK4UbNZP62lrii3JdfyLVyL0nSUtcnAtaW6DGZqKSJRRdHJrUQChthqJddAneO8sEQMAlXCrpTSyxOoOvWdIe2rZ3zgyjmB7h10nDxIwShP-GEzHdQGpML5TzgJed7l0._CKHaH3YeDztLEk9Ev1ErPtOieY2ZKAeO8J_QD87e7o&dib_tag=se&keywords=laptops&qid=1734587648&sr=8-14
"Acer Aspire 3 Laptop Intel Core Celeron N4500 Processor Laptop (8 GB LPDDR4X SDRAM/256 GB SSD/Win11 Home/38 WHR/HD Webcam) A325-45 with 39.63 cm (15.6"") HD Display, Pure Silver, 1.5 KG","20,990",3.2 out of 5 stars,,,,,https://www.amazon.in/Acer-Celeron-Processor-LPDDR4X-A325-45/dp/B0D7PTFFZH/ref=sr_1_15?dib=eyJ2IjoiMSJ9.UBlC-T6AVMz3DHbsqN09RTLaJ-vO17u_m21a_xE5kwKVxGLN7b3zYUthLvMYaBYLDb5bJCDG7kzqUPis6E2LlfvrymO2Mp676n4GjoqfvVIAK4UbNZP62lrii3JdfyLVyL0nSUtcnAtaW6DGZqKSJRRdHJrUQChthqJddAneO8sEQMAlXCrpTSyxOoOvWdIe2rZ3zgyjmB7h10nDxIwShP-GEzHdQGpML5TzgJed7l0._CKHaH3YeDztLEk9Ev1ErPtOieY2ZKAeO8J_QD87e7o&dib_tag=se&keywords=laptops&qid=1734587648&sr=8-15
"HP Laptop 255 G9 (2024), AMD Ryzen 5 5625U Hexa Core - (8GB/512GB SSD/AMD Radeon Graphics/Windows 11) Thin and Light Business Laptop/15.6"" (39.62cm)/Silver/1.47 kg/","33,730",5.0 out of 5 stars,,,,,https://www.amazon.in/HP-Laptop-255-G9-Ryzen/dp/B0DH8831VF/ref=sr_1_16?dib=eyJ2IjoiMSJ9.UBlC-T6AVMz3DHbsqN09RTLaJ-vO17u_m21a_xE5kwKVxGLN7b3zYUthLvMYaBYLDb5bJCDG7kzqUPis6E2LlfvrymO2Mp676n4GjoqfvVIAK4UbNZP62lrii3JdfyLVyL0nSUtcnAtaW6DGZqKSJRRdHJrUQChthqJddAneO8sEQMAlXCrpTSyxOoOvWdIe2rZ3zgyjmB7h10nDxIwShP-GEzHdQGpML5TzgJed7l0._CKHaH3YeDztLEk9Ev1ErPtOieY2ZKAeO8J_QD87e7o&dib_tag=se&keywords=laptops&qid=1734587648&sr=8-16
(Refurbished) Lenovo ThinkPad 8th Gen Intel Core i5 Thin & Light HD Laptop (8 GB DDR4 RAM/256 GB SSD/14 (35.6 cm) HD/Windows 11/MS Office/WiFi/Bluetooth 4.1/Webcam/Intel Graphics),"16,999",3.5 out of 5 stars,,,,,https://www.amazon.in/Refurbished-Lenovo-ThinkPad-Bluetooth-Graphics/dp/B0DMTNY1KM/ref=sr_1_17?dib=eyJ2IjoiMSJ9.UBlC-T6AVMz3DHbsqN09RTLaJ-vO17u_m21a_xE5kwKVxGLN7b3zYUthLvMYaBYLDb5bJCDG7kzqUPis6E2LlfvrymO2Mp676n4GjoqfvVIAK4UbNZP62lrii3JdfyLVyL0nSUtcnAtaW6DGZqKSJRRdHJrUQChthqJddAneO8sEQMAlXCrpTSyxOoOvWdIe2rZ3zgyjmB7h10nDxIwShP-GEzHdQGpML5TzgJed7l0._CKHaH3YeDztLEk9Ev1ErPtOieY2ZKAeO8J_QD87e7o&dib_tag=se&keywords=laptops&qid=1734587648&sr=8-17
"Lenovo IdeaPad Slim 3 12th Gen Intel Core i5-12450H 14"" (35.5cm) FHD 250 Nits Thin & Light Laptop (16GB/512GB SSD/Win 11/Office 21/1Yr Warranty/Alexa built-in/3 mon. Game Pass/Grey/1.37Kg), 83EQ005VIN","50,390",3.9 out of 5 stars,,,,,https://www.amazon.in/Lenovo-IdeaPad-i5-12450H-Warranty-83EQ005VIN/dp/B0D6MPVN7B/ref=sr_1_18?dib=eyJ2IjoiMSJ9.UBlC-T6AVMz3DHbsqN09RTLaJ-vO17u_m21a_xE5kwKVxGLN7b3zYUthLvMYaBYLDb5bJCDG7kzqUPis6E2LlfvrymO2Mp676n4GjoqfvVIAK4UbNZP62lrii3JdfyLVyL0nSUtcnAtaW6DGZqKSJRRdHJrUQChthqJddAneO8sEQMAlXCrpTSyxOoOvWdIe2rZ3zgyjmB7h10nDxIwShP-GEzHdQGpML5TzgJed7l0._CKHaH3YeDztLEk9Ev1ErPtOieY2ZKAeO8J_QD87e7o&dib_tag=se&keywords=laptops&qid=1734587648&sr=8-18
"Acer Aspire 3 Laptop Intel Core Celeron N4500 Processor Laptop (8 GB LPDDR4X SDRAM/512 GB SSD/Win11 Home/38 WHR/HD Webcam) A324-45 with 35.56 cm (14"") HD Display, Pure Silver, 1.3 KG","21,490",3.2 out of 5 stars,,,,,https://www.amazon.in/Acer-Celeron-Processor-LPDDR4X-A324-45/dp/B0D7PSTHRD/ref=sr_1_19?dib=eyJ2IjoiMSJ9.UBlC-T6AVMz3DHbsqN09RTLaJ-vO17u_m21a_xE5kwKVxGLN7b3zYUthLvMYaBYLDb5bJCDG7kzqUPis6E2LlfvrymO2Mp676n4GjoqfvVIAK4UbNZP62lrii3JdfyLVyL0nSUtcnAtaW6DGZqKSJRRdHJrUQChthqJddAneO8sEQMAlXCrpTSyxOoOvWdIe2rZ3zgyjmB7h10nDxIwShP-GEzHdQGpML5TzgJed7l0._CKHaH3YeDztLEk9Ev1ErPtOieY2ZKAeO8J_QD87e7o&dib_tag=se&keywords=laptops&qid=1734587648&sr=8-19
"Dell Inspiron 3535, AMD Ryzen 3 7320U Processor, (8GB RAM/512GB SSD/Window 11/MS Office' 21/15.6""(39.62 cm) FHD Display/15 Month McAfee/Carbon Black/1.67kg Thin & Light Laptop","29,990",3.8 out of 5 stars,,,,,https://www.amazon.in/Dell-Inspiron-Processor-Window-Display/dp/B0DG5CY2Y2/ref=sr_1_20?dib=eyJ2IjoiMSJ9.UBlC-T6AVMz3DHbsqN09RTLaJ-vO17u_m21a_xE5kwKVxGLN7b3zYUthLvMYaBYLDb5bJCDG7kzqUPis6E2LlfvrymO2Mp676n4GjoqfvVIAK4UbNZP62lrii3JdfyLVyL0nSUtcnAtaW6DGZqKSJRRdHJrUQChthqJddAneO8sEQMAlXCrpTSyxOoOvWdIe2rZ3zgyjmB7h10nDxIwShP-GEzHdQGpML5TzgJed7l0._CKHaH3YeDztLEk9Ev1ErPtOieY2ZKAeO8J_QD87e7o&dib_tag=se&keywords=laptops&qid=1734587648&sr=8-20
"MSI Cyborg 15, Intel 12th Gen. i5-12450H, 40CM FHD 144Hz Gaming Laptop (16GB/512GB NVMe SSD/Windows 11 Home/Nvidia GeForce RTX4050, 6GB GDDR6/Translucent Black/1.98Kg), A12VE-071IN","73,990",4.3 out of 5 stars,,,,,https://www.amazon.in/sspa/click?ie=UTF8&spc=MTo4NTkyNTQyNDMxODU1NzYwOjE3MzQ1ODc2NDg6c3BfYnRmOjMwMDI1ODc5ODU0NDUzMjo6MDo6&url=%2FMSI-i5-12450H-Windows-Translucent-A12VE-071IN%2Fdp%2FB0BW9L9NMM%2Fref%3Dsr_1_21_sspa%3Fdib%3DeyJ2IjoiMSJ9.UBlC-T6AVMz3DHbsqN09RTLaJ-vO17u_m21a_xE5kwKVxGLN7b3zYUthLvMYaBYLDb5bJCDG7kzqUPis6E2LlfvrymO2Mp676n4GjoqfvVIAK4UbNZP62lrii3JdfyLVyL0nSUtcnAtaW6DGZqKSJRRdHJrUQChthqJddAneO8sEQMAlXCrpTSyxOoOvWdIe2rZ3zgyjmB7h10nDxIwShP-GEzHdQGpML5TzgJed7l0._CKHaH3YeDztLEk9Ev1ErPtOieY2ZKAeO8J_QD87e7o%26dib_tag%3Dse%26keywords%3Dlaptops%26qid%3D1734587648%26sr%3D8-21-spons%26sp_csd%3Dd2lkZ2V0TmFtZT1zcF9idGY%26psc%3D1
"Dell [Smartchoice] Alienware M16 R2 Gaming Laptop,Intel Ultra 9 185H,32GB DDR5,1TB SSD,Nvidia RTX 4070 8 Gb GDDR6,16"" (40.6Cm) QHD+ 240Hz,Nvidia G-Sync +Alienfx RGB Backlit Kb,Dark Metallic,2.61Kg","2,15,490",3.3 out of 5 stars,,,,,https://www.amazon.in/sspa/click?ie=UTF8&spc=MTo4NTkyNTQyNDMxODU1NzYwOjE3MzQ1ODc2NDg6c3BfYnRmOjMwMDQzODA4OTQyNDEzMjo6MDo6&url=%2FDell-Smartchoice-Alienware-Alienfx-Metallic%2Fdp%2FB0CYLXD4K5%2Fref%3Dsr_1_22_sspa%3Fdib%3DeyJ2IjoiMSJ9.UBlC-T6AVMz3DHbsqN09RTLaJ-vO17u_m21a_xE5kwKVxGLN7b3zYUthLvMYaBYLDb5bJCDG7kzqUPis6E2LlfvrymO2Mp676n4GjoqfvVIAK4UbNZP62lrii3JdfyLVyL0nSUtcnAtaW6DGZqKSJRRdHJrUQChthqJddAneO8sEQMAlXCrpTSyxOoOvWdIe2rZ3zgyjmB7h10nDxIwShP-GEzHdQGpML5TzgJed7l0._CKHaH3YeDztLEk9Ev1ErPtOieY2ZKAeO8J_QD87e7o%26dib_tag%3Dse%26keywords%3Dlaptops%26qid%3D1734587648%26sr%3D8-22-spons%26sp_csd%3Dd2lkZ2V0TmFtZT1zcF9idGY%26psc%3D1
"BenQ GW2790 27"" 1920x1080p FHD IPS Monitor| 100Hz|99% sRGB|Eye-careU|Dual HDMI|Display Port|Bezel-Less|Eyesafe|VESA MediaSync|B.I.|Low Blue Light+| Speakers|VESA Wall mountable(Black)","10,998",4.3 out of 5 stars,,,,,https://aax-eu.amazon.in/x/c/JPe-DBM2isYsIMZMzbubBAYAAAGT3XsLxAMAAAH2AQBvbm9fdHhuX2JpZDIgICBvbm9fdHhuX2ltcDEgICDQRv4c/clv1_CEuOPUxokZA0iHrVC7hx5g_CSVNrU6U6pJQV0yHX7M5fx39K63PbKPw18HHE8xvVjq0yzpNb3X7OfU31A3svWBRGGjOYNdryDE4dZVNXVga6MaxzxYgc6JJGZxqDnT0qzuH09N9eCAfgMTKXHIFAtrRgf_qvgQYZxz17IuI8Q1TRlrnQ1hJmCRjmYcavPLFsHH4HbZmFzptYR2t3PNIRZPsQh9Kumt1TSBDYL7UlzhESrMBvm7fmTUcsgxvigUBeAnGoOOGLoxR1yAlDdY1eRiSPc2OsnheLHsiEzPLCcM4TMlyty6ezwyq5PTDbH4Z5qYHSkpsaNfrXuov2LOe_IMRc0f1cBmzwwcR5s-0C7kQZWFQDRLJtJ7Rw6Kk/https://www.amazon.in/dp/B0CQ2YLVJR?pd_rd_i=B0CQ2YLVJR&pf_rd_p=3353ca56-2043-45f1-9c2e-99dccef31d9d&pf_rd_r=1QQQQNSEAR6AVH7C7BBT&pd_rd_wg=JmQvM&pd_rd_w=IraEs&pd_rd_r=343da517-c266-46a6-bde1-576406113c98
N/A,N/A,N/A,,,,,https://www.amazon.in/s?k=lenovo+laptops&ref=rsl_sug_0_0&pd_rd_w=ZqnML&content-id=amzn1.sym.09a5fdc4-ee6d-473e-9a0f-53d3728046ff:amzn1.sym.09a5fdc4-ee6d-473e-9a0f-53d3728046ff&pf_rd_p=09a5fdc4-ee6d-473e-9a0f-53d3728046ff&pf_rd_r=1QQQQNSEAR6AVH7C7BBT&pd_rd_wg=JmQvM&pd_rd_r=343da517-c266-46a6-bde1-576406113c98&qid=1734587648
N/A,N/A,N/A,,,,,https://www.amazon.in/s?k=laptops
N/A,N/A,N/A,,,,,https://aax-eu.amazon.in/x/c/JHlgzvMcyBGHTU_vzIzGeskAAAGT3XsMpgMAAAH2AQBvbm9fdHhuX2JpZDIgICBvbm9fdHhuX2ltcDIgICCMQN6y/clv1_CEuOPUxokZA0iHrVfPUn2T7LR3xGar1ohLMJ0hK11Nh74X8v5HPbKPw18HHE8xvVjq0yzpNb3X7OfU3-A3tzOGREZzGDN-fCH2cxIwdUSX6TQpdFxYgc6JJGZxGb-QgaunlBFGcIKAi9vbEL081pr8W4XohlHbg_BEsiAfh4AU7NkqTP0w1kH1CidIDkKrBsWjUXdtnElYxSBHJsPNJNY_QI-IOhmsk6DgPPMrRt0wkY845lmbT7HA8wnUS0gVVZQGLgLuCL5VMn_WUqBMltcRmuOV-brDaLFdz8zbjzRIgtCHqY4OS84xGfoGaz0uTZtYsz88x4YvPGnLLYJf2oI50iF48cPlAJu2NWq87OXDkBsG-8oZez/https://www.amazon.in/stores/page/E823E591-BAFB-45C8-B9BE-2499AB1A851E/?_encoding=UTF8&store_ref=SB_A0785488ADDOAB4IDEZE-A0252300RHS4KXL3ISVN&pd_rd_plhdr=t&aaxitk=61e7a1e35549d553abbf9c9c9e5e0c97&hsa_cr_id=0&lp_asins=B0DB1SDB87%2CB0DDL495SX%2CB0D262KC1J&lp_query=laptops&lp_slot=desktop-hsa-3psl&ref_=sbx_be_s_3psl_mbd_mb0_bkgd&pd_rd_w=klGKL&content-id=amzn1.sym.f1a4d09d-a292-48da-a86f-03294c9a41ef%3Aamzn1.sym.f1a4d09d-a292-48da-a86f-03294c9a41ef&pf_rd_p=f1a4d09d-a292-48da-a86f-03294c9a41ef&pf_rd_r=1QQQQNSEAR6AVH7C7BBT&pd_rd_wg=4k0ao&pd_rd_r=29c0fb76-26eb-4f24-aefa-8eb262c6cae1
N/A,N/A,N/A,,,,,https://www.amazon.in/gp/help/customer/display.html?nodeId=201889520
N/A,N/A,N/A,,,,,https://www.amazon.in/s?k=laptops
Product,Price,Rating,Monthly Sales,Monthly Revenue,Shipping Size Tier,BSR,Details
N/A,N/A,N/A,,,,,https://aax-eu.amazon.in/x/c/JKE3wfN1-DdGE669F9XI7dsAAAGT3Y5qHAMAAAH2AQBvbm9fdHhuX2JpZDEgICBvbm9fdHhuX2ltcDIgICBL5oRK/clv1_CEuOPUxokZA0iHrVXdsj6XKLcCxdCosJro1fxWWB9f8v138QrybcKPw18HHE8xvVjq0yzpNb3X7OfU3-A3t5O0ZJZ3qhSuyrIn0XfBlBElCjANxjxYgc6JJGZxGb-QgaunlBFGcIKAi9vbEL081pr8W4XohlHbg_BEsiAfh4AU7NlKfP0AdhH1CidIDkKrBsWjUXdtnElYxSBHJsPNJNY_QI-IOhmsk6DgPPMrRt0wkY845lmbT7HA8wnUS0gVVZQGLgLuCL5VMn_WUqBMltcRmuOV-brDaLFdz8zbjzRIgtCHqY4OS84xGfoGaz0uTZtYsz88x4YvPGnLLYJfyoI50iF48cPlCkYp2qGhA1swFpeWcu9-J2/https://www.amazon.in/stores/page/E823E591-BAFB-45C8-B9BE-2499AB1A851E/?_encoding=UTF8&store_ref=SB_A0785488ADDOAB4IDEZE-A0252300RHS4KXL3ISVN&pd_rd_plhdr=t&aaxitk=61e7a1e35549d553abbf9c9c9e5e0c97&hsa_cr_id=0&lp_asins=B0DB1SDB87%2CB0DDL495SX%2CB0D262KC1J&lp_query=laptops&lp_slot=auto-sparkle-hsa-tetris&ref_=sbx_be_s_sparkle_lsi4d_bkgd&pd_rd_w=DWwKB&content-id=amzn1.sym.df9fe057-524b-4172-ac34-9a1b3c4e647d%3Aamzn1.sym.df9fe057-524b-4172-ac34-9a1b3c4e647d&pf_rd_p=df9fe057-524b-4172-ac34-9a1b3c4e647d&pf_rd_r=49B94KPX3TT4T3DB9PKS&pd_rd_wg=JAHe5&pd_rd_r=a1c9fe5c-448d-4184-b838-92bce79af3b3
N/A,N/A,N/A,,,,,https://www.amazon.in/s?k=laptops
"Acer Aspire Lite 13th Gen Intel Core i3-1305U Thin and Light Premium Laptop (Windows 11 Home/8 GB RAM/512GB SSD/36 WHR) AL15-53 with 39.62cm (15.6"") Full HD Display, Metal Body, Steel Gray, 1.59 KG","33,990",3.6 out of 5 stars,,,,,https://www.amazon.in/sspa/click?ie=UTF8&spc=MTo1OTQ0MDUwNTEwNTE3MTExOjE3MzQ1ODg5MTg6c3BfYXRmOjMwMDI4MDMxNDIxMDgzMjo6MDo6&url=%2FAcer-i3-1305U-Premium-Windows-AL15-53%2Fdp%2FB0DB1SDB87%2Fref%3Dsr_1_1_sspa%3Fdib%3DeyJ2IjoiMSJ9.UBlC-T6AVMz3DHbsqN09RTLaJ-vO17u_m21a_xE5kwKVxGLN7b3zYUthLvMYaBYLDb5bJCDG7kzqUPis6E2LlcvEpfolVUjG9JST9MNjbRDHh2HXRWAHRCJKwwztox-qrOwWaDTZbEEii_Uw1rJ1CxQgQUA4boC4swTCETvS45TQQH36e6G7rpnUYYVrCPUxIhWSa-vMKBKcPOYNqva6ysC5RBsmsia22IytRkvr-KM.WoHfiAGFlQ8dgz_etWYnnwNeCCPevFjiprWaRzsJd8Q%26dib_tag%3Dse%26keywords%3Dlaptops%26qid%3D1734588918%26sr%3D8-1-spons%26sp_csd%3Dd2lkZ2V0TmFtZT1zcF9hdGY%26psc%3D1
HP 15s Ryzen 5000 (16GB RAM/512GB SSD/FHD/Windows 11/MS Office 21/Backlit Keyboard/ 15.6‚Äù (39.6 cm)/Silver/2.21 KG) eq2305AU/eq2182au Laptop,"41,940",4.0 out of 5 stars,,,,,https://www.amazon.in/sspa/click?ie=UTF8&spc=MTo1OTQ0MDUwNTEwNTE3MTExOjE3MzQ1ODg5MTg6c3BfYXRmOjMwMDQzODU4NTI3MTIzMjo6MDo6&url=%2FHP-Windows-Keyboard-eq2305AU-eq2182au%2Fdp%2FB0B4N77Y34%2Fref%3Dsr_1_2_sspa%3Fdib%3DeyJ2IjoiMSJ9.UBlC-T6AVMz3DHbsqN09RTLaJ-vO17u_m21a_xE5kwKVxGLN7b3zYUthLvMYaBYLDb5bJCDG7kzqUPis6E2LlcvEpfolVUjG9JST9MNjbRDHh2HXRWAHRCJKwwztox-qrOwWaDTZbEEii_Uw1rJ1CxQgQUA4boC4swTCETvS45TQQH36e6G7rpnUYYVrCPUxIhWSa-vMKBKcPOYNqva6ysC5RBsmsia22IytRkvr-KM.WoHfiAGFlQ8dgz_etWYnnwNeCCPevFjiprWaRzsJd8Q%26dib_tag%3Dse%26keywords%3Dlaptops%26qid%3D1734588918%26sr%3D8-2-spons%26sp_csd%3Dd2lkZ2V0TmFtZT1zcF9hdGY%26psc%3D1
(Refurbished) Lenovo ThinkPad 8th Gen Intel Core i5 Thin & Light HD Laptop (16 GB DDR4 RAM/512 GB SSD/14 (35.6 cm) HD/Windows 11/MS Office/WiFi/Bluetooth 4.1/Webcam/Intel Graphics),"18,840",3.8 out of 5 stars,,,,,https://www.amazon.in/Refurbished-Lenovo-ThinkPad-Bluetooth-Graphics/dp/B0DMTPY8PJ/ref=sr_1_3?dib=eyJ2IjoiMSJ9.UBlC-T6AVMz3DHbsqN09RTLaJ-vO17u_m21a_xE5kwKVxGLN7b3zYUthLvMYaBYLDb5bJCDG7kzqUPis6E2LlcvEpfolVUjG9JST9MNjbRDHh2HXRWAHRCJKwwztox-qrOwWaDTZbEEii_Uw1rJ1CxQgQUA4boC4swTCETvS45TQQH36e6G7rpnUYYVrCPUxIhWSa-vMKBKcPOYNqva6ysC5RBsmsia22IytRkvr-KM.WoHfiAGFlQ8dgz_etWYnnwNeCCPevFjiprWaRzsJd8Q&dib_tag=se&keywords=laptops&qid=1734588918&sr=8-3
"Apple MacBook Air Laptop: Apple M1 chip, 13.3-inch/33.74 cm Retina Display, 8GB RAM, 256GB SSD Storage, Backlit Keyboard, FaceTime HD Camera, Touch ID. Works with iPhone/iPad; Space Grey","56,990",4.6 out of 5 stars,,,,,https://www.amazon.in/Apple-MacBook-Chip-13-inch-256GB/dp/B08N5W4NNB/ref=sr_1_4?dib=eyJ2IjoiMSJ9.UBlC-T6AVMz3DHbsqN09RTLaJ-vO17u_m21a_xE5kwKVxGLN7b3zYUthLvMYaBYLDb5bJCDG7kzqUPis6E2LlcvEpfolVUjG9JST9MNjbRDHh2HXRWAHRCJKwwztox-qrOwWaDTZbEEii_Uw1rJ1CxQgQUA4boC4swTCETvS45TQQH36e6G7rpnUYYVrCPUxIhWSa-vMKBKcPOYNqva6ysC5RBsmsia22IytRkvr-KM.WoHfiAGFlQ8dgz_etWYnnwNeCCPevFjiprWaRzsJd8Q&dib_tag=se&keywords=laptops&qid=1734588918&sr=8-4
"(Refurbished) HP EliteBook 820 G4 7th Gen Intel Core i5 Thin & Light HD Laptop (8 GB DDR4 RAM|256 GB SSD|12.5"" (31.8 cm) HD|Windows 11|MS Office|WiFi|Webcam|Intel HD Graphics)","14,999",4.0 out of 5 stars,,,,,https://www.amazon.in/Refurbished-HP-EliteBook-Windows-Graphics/dp/B0DKT4SRBV/ref=sr_1_5?dib=eyJ2IjoiMSJ9.UBlC-T6AVMz3DHbsqN09RTLaJ-vO17u_m21a_xE5kwKVxGLN7b3zYUthLvMYaBYLDb5bJCDG7kzqUPis6E2LlcvEpfolVUjG9JST9MNjbRDHh2HXRWAHRCJKwwztox-qrOwWaDTZbEEii_Uw1rJ1CxQgQUA4boC4swTCETvS45TQQH36e6G7rpnUYYVrCPUxIhWSa-vMKBKcPOYNqva6ysC5RBsmsia22IytRkvr-KM.WoHfiAGFlQ8dgz_etWYnnwNeCCPevFjiprWaRzsJd8Q&dib_tag=se&keywords=laptops&qid=1734588918&sr=8-5
N/A,"49,990",4.1 out of 5 stars,,,,,https://www.amazon.in/s?k=laptops
N/A,"49,990",4.1 out of 5 stars,,,,,https://www.amazon.in/sspa/click?ie=UTF8&spc=MTo4NjYyNTg5NTU1NDcwMDc0OjE3MzQ1ODg5MTg6c3Bfc2VhcmNoX3RoZW1hdGljOjMwMDI4Mjc2MTM5NDkzMjo6MDo6&url=%2FHP-i5-1334U-15-6-inch-Speakers-15-fd0220TU%2Fdp%2FB0CY2PZZJB%2Fref%3Dsxin_12_pa_sp_search_thematic_sspa%3Fcontent-id%3Damzn1.sym.cd33fa60-47cd-49f3-80b8-24b1f0cbef97%253Aamzn1.sym.cd33fa60-47cd-49f3-80b8-24b1f0cbef97%26cv_ct_cx%3Dlaptops%26keywords%3Dlaptops%26pd_rd_i%3DB0CY2PZZJB%26pd_rd_r%3Ddc378f88-6c75-4d02-9fbb-762752688588%26pd_rd_w%3Dl9orD%26pd_rd_wg%3Dl35Pc%26pf_rd_p%3Dcd33fa60-47cd-49f3-80b8-24b1f0cbef97%26pf_rd_r%3D49B94KPX3TT4T3DB9PKS%26qid%3D1734588918%26sbo%3DRZvfv%252F%252FHxDF%252BO5021pAnSA%253D%253D%26sr%3D1-1-ced4eeeb-b190-41d6-902a-1ecb3fb8b7c4-spons%26sp_csd%3Dd2lkZ2V0TmFtZT1zcF9zZWFyY2hfdGhlbWF0aWM%26psc%3D1
N/A,"31,990",4.1 out of 5 stars,,,,,https://www.amazon.in/sspa/click?ie=UTF8&spc=MTo4NjYyNTg5NTU1NDcwMDc0OjE3MzQ1ODg5MTg6c3Bfc2VhcmNoX3RoZW1hdGljOjMwMDQzNjE3MDkzNTEzMjo6MTo6&url=%2FHP-Laptop-15-6-inch-Graphics-fc0154AU%2Fdp%2FB0D3HG5CMG%2Fref%3Dsxin_12_pa_sp_search_thematic_sspa%3Fcontent-id%3Damzn1.sym.cd33fa60-47cd-49f3-80b8-24b1f0cbef97%253Aamzn1.sym.cd33fa60-47cd-49f3-80b8-24b1f0cbef97%26cv_ct_cx%3Dlaptops%26keywords%3Dlaptops%26pd_rd_i%3DB0D3HG5CMG%26pd_rd_r%3Ddc378f88-6c75-4d02-9fbb-762752688588%26pd_rd_w%3Dl9orD%26pd_rd_wg%3Dl35Pc%26pf_rd_p%3Dcd33fa60-47cd-49f3-80b8-24b1f0cbef97%26pf_rd_r%3D49B94KPX3TT4T3DB9PKS%26qid%3D1734588918%26sbo%3DRZvfv%252F%252FHxDF%252BO5021pAnSA%253D%253D%26sr%3D1-2-ced4eeeb-b190-41d6-902a-1ecb3fb8b7c4-spons%26sp_csd%3Dd2lkZ2V0TmFtZT1zcF9zZWFyY2hfdGhlbWF0aWM%26psc%3D1
N/A,"38,190",4.0 out of 5 stars,,,,,https://www.amazon.in/sspa/click?ie=UTF8&spc=MTo4NjYyNTg5NTU1NDcwMDc0OjE3MzQ1ODg5MTg6c3Bfc2VhcmNoX3RoZW1hdGljOjMwMDA3MDc4NzE0MzUzMjo6Mjo6&url=%2FLenovo-IdeaPad-39-62cm-Windows-82R400BGIN%2Fdp%2FB09MM58Y7Q%2Fref%3Dsxin_12_pa_sp_search_thematic_sspa%3Fcontent-id%3Damzn1.sym.cd33fa60-47cd-49f3-80b8-24b1f0cbef97%253Aamzn1.sym.cd33fa60-47cd-49f3-80b8-24b1f0cbef97%26cv_ct_cx%3Dlaptops%26keywords%3Dlaptops%26pd_rd_i%3DB09MM58Y7Q%26pd_rd_r%3Ddc378f88-6c75-4d02-9fbb-762752688588%26pd_rd_w%3Dl9orD%26pd_rd_wg%3Dl35Pc%26pf_rd_p%3Dcd33fa60-47cd-49f3-80b8-24b1f0cbef97%26pf_rd_r%3D49B94KPX3TT4T3DB9PKS%26qid%3D1734588918%26sbo%3DRZvfv%252F%252FHxDF%252BO5021pAnSA%253D%253D%26sr%3D1-3-ced4eeeb-b190-41d6-902a-1ecb3fb8b7c4-spons%26sp_csd%3Dd2lkZ2V0TmFtZT1zcF9zZWFyY2hfdGhlbWF0aWM%26psc%3D1
N/A,"75,990",4.0 out of 5 stars,,,,,https://www.amazon.in/sspa/click?ie=UTF8&spc=MTo4NjYyNTg5NTU1NDcwMDc0OjE3MzQ1ODg5MTg6c3Bfc2VhcmNoX3RoZW1hdGljOjMwMDMzMzcyNzA4MTkzMjo6Mzo6&url=%2FDell-Smartchoice-G15-5530-Gaming-i5-13450HX%2Fdp%2FB0CRKXDX83%2Fref%3Dsxin_12_pa_sp_search_thematic_sspa%3Fcontent-id%3Damzn1.sym.cd33fa60-47cd-49f3-80b8-24b1f0cbef97%253Aamzn1.sym.cd33fa60-47cd-49f3-80b8-24b1f0cbef97%26cv_ct_cx%3Dlaptops%26keywords%3Dlaptops%26pd_rd_i%3DB0CRKXDX83%26pd_rd_r%3Ddc378f88-6c75-4d02-9fbb-762752688588%26pd_rd_w%3Dl9orD%26pd_rd_wg%3Dl35Pc%26pf_rd_p%3Dcd33fa60-47cd-49f3-80b8-24b1f0cbef97%26pf_rd_r%3D49B94KPX3TT4T3DB9PKS%26qid%3D1734588918%26sbo%3DRZvfv%252F%252FHxDF%252BO5021pAnSA%253D%253D%26sr%3D1-4-ced4eeeb-b190-41d6-902a-1ecb3fb8b7c4-spons%26sp_csd%3Dd2lkZ2V0TmFtZT1zcF9zZWFyY2hfdGhlbWF0aWM%26psc%3D1
N/A,"36,999",4.0 out of 5 stars,,,,,https://www.amazon.in/sspa/click?ie=UTF8&spc=MTo4NjYyNTg5NTU1NDcwMDc0OjE3MzQ1ODg5MTg6c3Bfc2VhcmNoX3RoZW1hdGljOjMwMDExOTk5Mjg4ODczMjo6NDo6&url=%2FHP-i3-1215U-15-6-inch-Graphics-Speakers%2Fdp%2FB0BP2M7CCS%2Fref%3Dsxin_12_pa_sp_search_thematic_sspa%3Fcontent-id%3Damzn1.sym.cd33fa60-47cd-49f3-80b8-24b1f0cbef97%253Aamzn1.sym.cd33fa60-47cd-49f3-80b8-24b1f0cbef97%26cv_ct_cx%3Dlaptops%26keywords%3Dlaptops%26pd_rd_i%3DB0BP2M7CCS%26pd_rd_r%3Ddc378f88-6c75-4d02-9fbb-762752688588%26pd_rd_w%3Dl9orD%26pd_rd_wg%3Dl35Pc%26pf_rd_p%3Dcd33fa60-47cd-49f3-80b8-24b1f0cbef97%26pf_rd_r%3D49B94KPX3TT4T3DB9PKS%26qid%3D1734588918%26sbo%3DRZvfv%252F%252FHxDF%252BO5021pAnSA%253D%253D%26sr%3D1-5-ced4eeeb-b190-41d6-902a-1ecb3fb8b7c4-spons%26sp_csd%3Dd2lkZ2V0TmFtZT1zcF9zZWFyY2hfdGhlbWF0aWM%26psc%3D1
"Qatalitic Portable Metal Frame Laptop Stand Holder, Multi Level Adjustable Aluminum Ergonomic Foldable Stand, OverHeating Protection for All Laptops and for Multifunction Use (Silver)",444,4.3 out of 5 stars,,,,,https://aax-eu.amazon.in/x/c/JJnPBBjZb1I8FqCxme4cxPcAAAGT3Y5p_QMAAAH2AQBvbm9fdHhuX2JpZDMgICBvbm9fdHhuX2ltcDEgICApS85e/clv1_CEuOPUxokZA0iHrVX-x97g32RG5GUKUKs7Mox2OK5c4k138BrybcKPw18HHE8xvVjq0yzpNb3X7OfU2IA3t7DBhOGAeVCPfxDH4KQm5DFFuzMddjxYgc6JJGZyeD6xsg0Rgbr4Br3LDLjPPgMJ3dHM-R7f-u8u41tMihnYX_NQ3yjP2SzA5iHAfgdMK5dPZxWjURbJnDhYtDByosK9hSfeAQh46plcUsGR_YO9xj3QYPrYhyg725A00ugAazyVxAXSeoLebJsFxjyQkFMt9rKk3-N1CbozbBIv-27fLJZLYSeG2ZjZmJ5R-Sfj_7JKDk_-kf8DsGPxu27emhJfaZGepVy-pfXxI3s4RBjxYHevo11uC6gh1nB4sJanjn53ZXEg/https://www.amazon.in/dp/B0CXM74G3H?pd_rd_i=B0CXM74G3H&pf_rd_p=288d7cd9-bdfb-4778-882a-c15de0f76151&pf_rd_r=49B94KPX3TT4T3DB9PKS&pd_rd_wg=l35Pc&pd_rd_w=ouDDi&pd_rd_r=dc378f88-6c75-4d02-9fbb-762752688588
N/A,N/A,N/A,,,,,https://www.amazon.in/s?k=laptops
"Lenovo V14 G3 (2024), Intel Core i5 12th Gen 1235U /16GB/512GB SSD/Intel UHD Graphics/Windows 11/ Thin and Light Business Laptop/14.0"" FHD Display/Iron Grey/1.57 kg/MS Office","38,450",3.3 out of 5 stars,,,,,https://www.amazon.in/Lenovo-V14-G3-Graphics-Business/dp/B08HJWSGW6/ref=sr_1_6?dib=eyJ2IjoiMSJ9.UBlC-T6AVMz3DHbsqN09RTLaJ-vO17u_m21a_xE5kwKVxGLN7b3zYUthLvMYaBYLDb5bJCDG7kzqUPis6E2LlcvEpfolVUjG9JST9MNjbRDHh2HXRWAHRCJKwwztox-qrOwWaDTZbEEii_Uw1rJ1CxQgQUA4boC4swTCETvS45TQQH36e6G7rpnUYYVrCPUxIhWSa-vMKBKcPOYNqva6ysC5RBsmsia22IytRkvr-KM.WoHfiAGFlQ8dgz_etWYnnwNeCCPevFjiprWaRzsJd8Q&dib_tag=se&keywords=laptops&qid=1734588918&sr=8-6
"Acer Aspire 3 Laptop Intel Core Celeron N4500 Processor Laptop (8 GB LPDDR4X SDRAM/512 GB SSD/Win11 Home/38 WHR/HD Webcam) A325-45 with 39.63 cm (15.6"") HD Display, Pure Silver, 1.5 KG","21,990",3.2 out of 5 stars,,,,,https://www.amazon.in/Acer-Celeron-Processor-LPDDR4X-A325-45/dp/B0D7PYTTGH/ref=sr_1_7?dib=eyJ2IjoiMSJ9.UBlC-T6AVMz3DHbsqN09RTLaJ-vO17u_m21a_xE5kwKVxGLN7b3zYUthLvMYaBYLDb5bJCDG7kzqUPis6E2LlcvEpfolVUjG9JST9MNjbRDHh2HXRWAHRCJKwwztox-qrOwWaDTZbEEii_Uw1rJ1CxQgQUA4boC4swTCETvS45TQQH36e6G7rpnUYYVrCPUxIhWSa-vMKBKcPOYNqva6ysC5RBsmsia22IytRkvr-KM.WoHfiAGFlQ8dgz_etWYnnwNeCCPevFjiprWaRzsJd8Q&dib_tag=se&keywords=laptops&qid=1734588918&sr=8-7
"HP Laptop 15s, 12th Gen Intel Core i3, 15.6-inch (39.6 cm), 8GB DDR4, 512GB SSD, Thin & Light, Dual Speakers (Win 11, MSO 2021, Silver, 1.69 kg), fq5007TU / FQ5327TU","36,999",4.0 out of 5 stars,,,,,https://www.amazon.in/HP-i3-1215U-15-6-inch-Graphics-Speakers/dp/B0BP2M7CCS/ref=sr_1_8?dib=eyJ2IjoiMSJ9.UBlC-T6AVMz3DHbsqN09RTLaJ-vO17u_m21a_xE5kwKVxGLN7b3zYUthLvMYaBYLDb5bJCDG7kzqUPis6E2LlcvEpfolVUjG9JST9MNjbRDHh2HXRWAHRCJKwwztox-qrOwWaDTZbEEii_Uw1rJ1CxQgQUA4boC4swTCETvS45TQQH36e6G7rpnUYYVrCPUxIhWSa-vMKBKcPOYNqva6ysC5RBsmsia22IytRkvr-KM.WoHfiAGFlQ8dgz_etWYnnwNeCCPevFjiprWaRzsJd8Q&dib_tag=se&keywords=laptops&qid=1734588918&sr=8-8
"(Refurbished) Lenovo ThinkPad 6th Gen Intel Core i5 Thin & Light HD Laptop (16GB RAM / 512GB SSD /14"" (35.6 cm) HD/Windows 11/MS Office/WiFi/Webcam/Intel Graphics), Black","13,318",3.3 out of 5 stars,,,,,https://www.amazon.in/Refurbished-Lenovo-ThinkPad-Windows-Graphics/dp/B0CR496TBN/ref=sr_1_9?dib=eyJ2IjoiMSJ9.UBlC-T6AVMz3DHbsqN09RTLaJ-vO17u_m21a_xE5kwKVxGLN7b3zYUthLvMYaBYLDb5bJCDG7kzqUPis6E2LlcvEpfolVUjG9JST9MNjbRDHh2HXRWAHRCJKwwztox-qrOwWaDTZbEEii_Uw1rJ1CxQgQUA4boC4swTCETvS45TQQH36e6G7rpnUYYVrCPUxIhWSa-vMKBKcPOYNqva6ysC5RBsmsia22IytRkvr-KM.WoHfiAGFlQ8dgz_etWYnnwNeCCPevFjiprWaRzsJd8Q&dib_tag=se&keywords=laptops&qid=1734588918&sr=8-9
"Lenovo IdeaPad Slim 1 Intel Core Celeron N4020 14"" HD Thin and Light Laptop (8GB/512GB SSD/Windows 11 Home/Office 21/1Yr Warranty/Cloud Grey/1.3Kg), 82V6009LIN","23,990",3.2 out of 5 stars,,,,,https://www.amazon.in/Lenovo-IdeaPad-Celeron-Warranty-82V6009LIN/dp/B0D6Z2H2HR/ref=sr_1_10?dib=eyJ2IjoiMSJ9.UBlC-T6AVMz3DHbsqN09RTLaJ-vO17u_m21a_xE5kwKVxGLN7b3zYUthLvMYaBYLDb5bJCDG7kzqUPis6E2LlcvEpfolVUjG9JST9MNjbRDHh2HXRWAHRCJKwwztox-qrOwWaDTZbEEii_Uw1rJ1CxQgQUA4boC4swTCETvS45TQQH36e6G7rpnUYYVrCPUxIhWSa-vMKBKcPOYNqva6ysC5RBsmsia22IytRkvr-KM.WoHfiAGFlQ8dgz_etWYnnwNeCCPevFjiprWaRzsJd8Q&dib_tag=se&keywords=laptops&qid=1734588918&sr=8-10
"Acer Aspire Lite 12th Gen Intel Core i7-1255U Premium Metal Laptop (Windows 11 Home/16 GB RAM/512 GB SSD) AL15-52, 39.62cm (15.6"") Full HD Display, Metal Body, Steel Gray, 1.59 Kg","47,990",3.5 out of 5 stars,,,,,https://www.amazon.in/sspa/click?ie=UTF8&spc=MTo1OTQ0MDUwNTEwNTE3MTExOjE3MzQ1ODg5MTg6c3BfbXRmOjMwMDE3OTQ3ODc3NzUzMjo6MDo6&url=%2FAcer-i7-1255U-Premium-Windows-AL15-52%2Fdp%2FB0D262KC1J%2Fref%3Dsr_1_11_sspa%3Fdib%3DeyJ2IjoiMSJ9.UBlC-T6AVMz3DHbsqN09RTLaJ-vO17u_m21a_xE5kwKVxGLN7b3zYUthLvMYaBYLDb5bJCDG7kzqUPis6E2LlcvEpfolVUjG9JST9MNjbRDHh2HXRWAHRCJKwwztox-qrOwWaDTZbEEii_Uw1rJ1CxQgQUA4boC4swTCETvS45TQQH36e6G7rpnUYYVrCPUxIhWSa-vMKBKcPOYNqva6ysC5RBsmsia22IytRkvr-KM.WoHfiAGFlQ8dgz_etWYnnwNeCCPevFjiprWaRzsJd8Q%26dib_tag%3Dse%26keywords%3Dlaptops%26qid%3D1734588918%26sr%3D8-11-spons%26sp_csd%3Dd2lkZ2V0TmFtZT1zcF9tdGY%26psc%3D1
"MSI Thin 15, Intel 13th Gen. Core i5-13420H, 40CM FHD 144Hz Gaming Laptop(16GB/512GB NVMe SSD/Windows 11 Home/NVIDIA GeForce RTX 3050,GDDR6 4GB/Cosmos Gray/1.86Kg), B13UC-1805IN","59,890",4.5 out of 5 stars,,,,,https://www.amazon.in/sspa/click?ie=UTF8&spc=MTo1OTQ0MDUwNTEwNTE3MTExOjE3MzQ1ODg5MTg6c3BfbXRmOjMwMDM0NjY5MTA4OTIzMjo6MDo6&url=%2FMSI-i5-13420H-Windows-GeForce-B13UC-1805IN%2Fdp%2FB0CV9J1QSM%2Fref%3Dsr_1_12_sspa%3Fdib%3DeyJ2IjoiMSJ9.UBlC-T6AVMz3DHbsqN09RTLaJ-vO17u_m21a_xE5kwKVxGLN7b3zYUthLvMYaBYLDb5bJCDG7kzqUPis6E2LlcvEpfolVUjG9JST9MNjbRDHh2HXRWAHRCJKwwztox-qrOwWaDTZbEEii_Uw1rJ1CxQgQUA4boC4swTCETvS45TQQH36e6G7rpnUYYVrCPUxIhWSa-vMKBKcPOYNqva6ysC5RBsmsia22IytRkvr-KM.WoHfiAGFlQ8dgz_etWYnnwNeCCPevFjiprWaRzsJd8Q%26dib_tag%3Dse%26keywords%3Dlaptops%26qid%3D1734588918%26sr%3D8-12-spons%26sp_csd%3Dd2lkZ2V0TmFtZT1zcF9tdGY%26psc%3D1
"Lenovo V15 G4 AMD Athlon Silver 7120U Laptop 8GB LPDDR5 Ram, 512 GB SSD PCIe, Windows 11 Lifetime Validity,15.6"" FHD Screen, AMD Radeon 610M, Silver, 1 Year Brand Warranty","24,990",4.0 out of 5 stars,,,,,https://www.amazon.in/Lenovo-V15-Lifetime-Validity-Warranty/dp/B0CL7CMTXS/ref=sr_1_13?dib=eyJ2IjoiMSJ9.UBlC-T6AVMz3DHbsqN09RTLaJ-vO17u_m21a_xE5kwKVxGLN7b3zYUthLvMYaBYLDb5bJCDG7kzqUPis6E2LlcvEpfolVUjG9JST9MNjbRDHh2HXRWAHRCJKwwztox-qrOwWaDTZbEEii_Uw1rJ1CxQgQUA4boC4swTCETvS45TQQH36e6G7rpnUYYVrCPUxIhWSa-vMKBKcPOYNqva6ysC5RBsmsia22IytRkvr-KM.WoHfiAGFlQ8dgz_etWYnnwNeCCPevFjiprWaRzsJd8Q&dib_tag=se&keywords=laptops&qid=1734588918&sr=8-13
"Acer [Smartchoice Aspire Lite AMD Ryzen 3 5300U Premium Thin and Light Laptop (Windows 11 Home/8 GB RAM/512 GB SSD) AL15-41 with 39.62 cm (15.6"") Full HD Display, Metal Body, Steel Gray, 1.6 KG","28,990",3.9 out of 5 stars,,,,,https://www.amazon.in/Acer-Smartchoice-Premium-Windows-AL15-41/dp/B0CWTSF1TK/ref=sr_1_14?dib=eyJ2IjoiMSJ9.UBlC-T6AVMz3DHbsqN09RTLaJ-vO17u_m21a_xE5kwKVxGLN7b3zYUthLvMYaBYLDb5bJCDG7kzqUPis6E2LlcvEpfolVUjG9JST9MNjbRDHh2HXRWAHRCJKwwztox-qrOwWaDTZbEEii_Uw1rJ1CxQgQUA4boC4swTCETvS45TQQH36e6G7rpnUYYVrCPUxIhWSa-vMKBKcPOYNqva6ysC5RBsmsia22IytRkvr-KM.WoHfiAGFlQ8dgz_etWYnnwNeCCPevFjiprWaRzsJd8Q&dib_tag=se&keywords=laptops&qid=1734588918&sr=8-14
"Dell [Smartchoice] Core i3-1215U, 12th Gen (8GB RAM/512GB SSD/FHD/Window 11/MS Office' 21/15""(38 cm)/15 Month McAfee/Black/1.69kg Laptop","35,990",3.6 out of 5 stars,,,,,https://www.amazon.in/Dell-Smartchoice-i3-1215U-Processor-Spill-Resistant/dp/B0BQJ68HHC/ref=sr_1_15?dib=eyJ2IjoiMSJ9.UBlC-T6AVMz3DHbsqN09RTLaJ-vO17u_m21a_xE5kwKVxGLN7b3zYUthLvMYaBYLDb5bJCDG7kzqUPis6E2LlcvEpfolVUjG9JST9MNjbRDHh2HXRWAHRCJKwwztox-qrOwWaDTZbEEii_Uw1rJ1CxQgQUA4boC4swTCETvS45TQQH36e6G7rpnUYYVrCPUxIhWSa-vMKBKcPOYNqva6ysC5RBsmsia22IytRkvr-KM.WoHfiAGFlQ8dgz_etWYnnwNeCCPevFjiprWaRzsJd8Q&dib_tag=se&keywords=laptops&qid=1734588918&sr=8-15
"HP Laptop 255 G9 (2024), AMD Ryzen 5 5625U Hexa Core - (8GB/512GB SSD/AMD Radeon Graphics/Windows 11) Thin and Light Business Laptop/15.6"" (39.62cm)/Silver/1.47 kg/","33,730",5.0 out of 5 stars,,,,,https://www.amazon.in/HP-Laptop-255-G9-Ryzen/dp/B0DH8831VF/ref=sr_1_16?dib=eyJ2IjoiMSJ9.UBlC-T6AVMz3DHbsqN09RTLaJ-vO17u_m21a_xE5kwKVxGLN7b3zYUthLvMYaBYLDb5bJCDG7kzqUPis6E2LlcvEpfolVUjG9JST9MNjbRDHh2HXRWAHRCJKwwztox-qrOwWaDTZbEEii_Uw1rJ1CxQgQUA4boC4swTCETvS45TQQH36e6G7rpnUYYVrCPUxIhWSa-vMKBKcPOYNqva6ysC5RBsmsia22IytRkvr-KM.WoHfiAGFlQ8dgz_etWYnnwNeCCPevFjiprWaRzsJd8Q&dib_tag=se&keywords=laptops&qid=1734588918&sr=8-16
"Acer Aspire 3 Laptop Intel Core Celeron N4500 Processor Laptop (8 GB LPDDR4X SDRAM/256 GB SSD/Win11 Home/38 WHR/HD Webcam) A325-45 with 39.63 cm (15.6"") HD Display, Pure Silver, 1.5 KG","20,990",3.2 out of 5 stars,,,,,https://www.amazon.in/Acer-Celeron-Processor-LPDDR4X-A325-45/dp/B0D7PTFFZH/ref=sr_1_17?dib=eyJ2IjoiMSJ9.UBlC-T6AVMz3DHbsqN09RTLaJ-vO17u_m21a_xE5kwKVxGLN7b3zYUthLvMYaBYLDb5bJCDG7kzqUPis6E2LlcvEpfolVUjG9JST9MNjbRDHh2HXRWAHRCJKwwztox-qrOwWaDTZbEEii_Uw1rJ1CxQgQUA4boC4swTCETvS45TQQH36e6G7rpnUYYVrCPUxIhWSa-vMKBKcPOYNqva6ysC5RBsmsia22IytRkvr-KM.WoHfiAGFlQ8dgz_etWYnnwNeCCPevFjiprWaRzsJd8Q&dib_tag=se&keywords=laptops&qid=1734588918&sr=8-17
"Lenovo IdeaPad Slim 3 12th Gen Intel Core i5-12450H 14"" (35.5cm) FHD 250 Nits Thin & Light Laptop (16GB/512GB SSD/Win 11/Office 21/1Yr Warranty/Alexa built-in/3 mon. Game Pass/Grey/1.37Kg), 83EQ005VIN","50,390",3.9 out of 5 stars,,,,,https://www.amazon.in/Lenovo-IdeaPad-i5-12450H-Warranty-83EQ005VIN/dp/B0D6MPVN7B/ref=sr_1_18?dib=eyJ2IjoiMSJ9.UBlC-T6AVMz3DHbsqN09RTLaJ-vO17u_m21a_xE5kwKVxGLN7b3zYUthLvMYaBYLDb5bJCDG7kzqUPis6E2LlcvEpfolVUjG9JST9MNjbRDHh2HXRWAHRCJKwwztox-qrOwWaDTZbEEii_Uw1rJ1CxQgQUA4boC4swTCETvS45TQQH36e6G7rpnUYYVrCPUxIhWSa-vMKBKcPOYNqva6ysC5RBsmsia22IytRkvr-KM.WoHfiAGFlQ8dgz_etWYnnwNeCCPevFjiprWaRzsJd8Q&dib_tag=se&keywords=laptops&qid=1734588918&sr=8-18
(Refurbished) Lenovo ThinkPad 8th Gen Intel Core i5 Thin & Light HD Laptop (8 GB DDR4 RAM/256 GB SSD/14 (35.6 cm) HD/Windows 11/MS Office/WiFi/Bluetooth 4.1/Webcam/Intel Graphics),"16,999",3.5 out of 5 stars,,,,,https://www.amazon.in/Refurbished-Lenovo-ThinkPad-Bluetooth-Graphics/dp/B0DMTNY1KM/ref=sr_1_19?dib=eyJ2IjoiMSJ9.UBlC-T6AVMz3DHbsqN09RTLaJ-vO17u_m21a_xE5kwKVxGLN7b3zYUthLvMYaBYLDb5bJCDG7kzqUPis6E2LlcvEpfolVUjG9JST9MNjbRDHh2HXRWAHRCJKwwztox-qrOwWaDTZbEEii_Uw1rJ1CxQgQUA4boC4swTCETvS45TQQH36e6G7rpnUYYVrCPUxIhWSa-vMKBKcPOYNqva6ysC5RBsmsia22IytRkvr-KM.WoHfiAGFlQ8dgz_etWYnnwNeCCPevFjiprWaRzsJd8Q&dib_tag=se&keywords=laptops&qid=1734588918&sr=8-19
"Acer Chromebook CB315-4H Intel Celeron N4500 (Chrome OS/8 GB RAM/128 GB/WiFi 6) 39.6 cm (15.6"") Full HD, Silver, 1.6 KG, 3 Months Google One AI Premium Plan with Gemini Advanced & 2TB Cloud Storage","16,490",3.5 out of 5 stars,,,,,https://www.amazon.in/Acer-Chromebook-CB315-4H-Celeron-Advanced/dp/B0DH4M1MJ3/ref=sr_1_20?dib=eyJ2IjoiMSJ9.UBlC-T6AVMz3DHbsqN09RTLaJ-vO17u_m21a_xE5kwKVxGLN7b3zYUthLvMYaBYLDb5bJCDG7kzqUPis6E2LlcvEpfolVUjG9JST9MNjbRDHh2HXRWAHRCJKwwztox-qrOwWaDTZbEEii_Uw1rJ1CxQgQUA4boC4swTCETvS45TQQH36e6G7rpnUYYVrCPUxIhWSa-vMKBKcPOYNqva6ysC5RBsmsia22IytRkvr-KM.WoHfiAGFlQ8dgz_etWYnnwNeCCPevFjiprWaRzsJd8Q&dib_tag=se&keywords=laptops&qid=1734588918&sr=8-20
"Lenovo Yoga Slim 6 13th Gen Intel Evo Core i5 13500H 14""(35.5cm) WUXGA-OLED 400Nits Laptop (16GB/512GB SSD/Windows 11/MS Office 2021/Backlit KB/Alexa/3 Month Game Pass/Storm Grey/1.3Kg), 83E00004IN","82,490",4.3 out of 5 stars,,,,,https://www.amazon.in/sspa/click?ie=UTF8&spc=MTo1OTQ0MDUwNTEwNTE3MTExOjE3MzQ1ODg5MTg6c3BfYnRmOjMwMDM0MjQ3NzY5ODIzMjo6MDo6&url=%2FLenovo-WUXGA-OLED-400Nits-Windows-83E00004IN%2Fdp%2FB0CGM2NV3F%2Fref%3Dsr_1_21_sspa%3Fdib%3DeyJ2IjoiMSJ9.UBlC-T6AVMz3DHbsqN09RTLaJ-vO17u_m21a_xE5kwKVxGLN7b3zYUthLvMYaBYLDb5bJCDG7kzqUPis6E2LlcvEpfolVUjG9JST9MNjbRDHh2HXRWAHRCJKwwztox-qrOwWaDTZbEEii_Uw1rJ1CxQgQUA4boC4swTCETvS45TQQH36e6G7rpnUYYVrCPUxIhWSa-vMKBKcPOYNqva6ysC5RBsmsia22IytRkvr-KM.WoHfiAGFlQ8dgz_etWYnnwNeCCPevFjiprWaRzsJd8Q%26dib_tag%3Dse%26keywords%3Dlaptops%26qid%3D1734588918%26sr%3D8-21-spons%26sp_csd%3Dd2lkZ2V0TmFtZT1zcF9idGY%26psc%3D1
"Lenovo ThinkPad E16 Intel Core i5 13th Gen 16"" WUXGA IPS 300 Nits Thin and Light Laptop (16GB RAM/512GB SSD/Windows 11 Home/FPR/Black/1Y Onsite/1.77 kg), 21JNS0QE00","68,190",3.2 out of 5 stars,,,,,https://www.amazon.in/sspa/click?ie=UTF8&spc=MTo1OTQ0MDUwNTEwNTE3MTExOjE3MzQ1ODg5MTg6c3BfYnRmOjMwMDMxNDM3NTYzNzAzMjo6MDo6&url=%2FLenovo-ThinkPad-Laptop-Windows-21JNS0QE00%2Fdp%2FB0D6749MG1%2Fref%3Dsr_1_22_sspa%3Fdib%3DeyJ2IjoiMSJ9.UBlC-T6AVMz3DHbsqN09RTLaJ-vO17u_m21a_xE5kwKVxGLN7b3zYUthLvMYaBYLDb5bJCDG7kzqUPis6E2LlcvEpfolVUjG9JST9MNjbRDHh2HXRWAHRCJKwwztox-qrOwWaDTZbEEii_Uw1rJ1CxQgQUA4boC4swTCETvS45TQQH36e6G7rpnUYYVrCPUxIhWSa-vMKBKcPOYNqva6ysC5RBsmsia22IytRkvr-KM.WoHfiAGFlQ8dgz_etWYnnwNeCCPevFjiprWaRzsJd8Q%26dib_tag%3Dse%26keywords%3Dlaptops%26qid%3D1734588918%26sr%3D8-22-spons%26sp_csd%3Dd2lkZ2V0TmFtZT1zcF9idGY%26psc%3D1
"BenQ GW2790 27"" 1920x1080p FHD IPS Monitor| 100Hz|99% sRGB|Eye-careU|Dual HDMI|Display Port|Bezel-Less|Eyesafe|VESA MediaSync|B.I.|Low Blue Light+| Speakers|VESA Wall mountable(Black)","10,998",4.3 out of 5 stars,,,,,https://aax-eu.amazon.in/x/c/JCMvWgbvu37TRMiNqKRLz_EAAAGT3Y5qBwMAAAH2AQBvbm9fdHhuX2JpZDMgICBvbm9fdHhuX2ltcDEgICAsK8Fr/clv1_CEuOPUxokZA0iHrVe_Z8ygjNBS91TpwYpbZd8iSn6dsl8X8XrybcKPw18HHE8xvVjq0yzpNb3X7OfU31A3tfFhlqHTzUScTvNWwcRxt2U3a_JNZFxYgc6JJGZxqDnT0qzuH09N9eCAfgMTKXHIFAtrRgf_qvgQYZxz17IuI8Q1TRlrnQ1hJgABjlbcGvPLFsHH4HbZmFzptYR2t3PNIRZPsQh9Kumt1TSBDYL7UlzhESrMBvm7fmTUcsgxvigUBeAnGoOOGLoxR1yAlDdY1eRiSPc2OsnheLHsiEzPLCcM4TMlyty6ezwyq5PTDbH4Z5qYHSkpsaNfrXuov2LOe_IMRc0P1cBmzwwcR5s0Fq9FHptM0Csm-oFUXiN_g/https://www.amazon.in/dp/B0CQ2YLVJR?pd_rd_i=B0CQ2YLVJR&pf_rd_p=3353ca56-2043-45f1-9c2e-99dccef31d9d&pf_rd_r=49B94KPX3TT4T3DB9PKS&pd_rd_wg=ecjos&pd_rd_w=B7g3H&pd_rd_r=896378bf-7ab5-469f-97c5-10d2a08a2407
N/A,N/A,N/A,,,,,https://www.amazon.in/s?k=lenovo+laptops&ref=rsl_sug_0_0&pd_rd_w=q7JYx&content-id=amzn1.sym.09a5fdc4-ee6d-473e-9a0f-53d3728046ff:amzn1.sym.09a5fdc4-ee6d-473e-9a0f-53d3728046ff&pf_rd_p=09a5fdc4-ee6d-473e-9a0f-53d3728046ff&pf_rd_r=49B94KPX3TT4T3DB9PKS&pd_rd_wg=ecjos&pd_rd_r=896378bf-7ab5-469f-97c5-10d2a08a2407&qid=1734588918
N/A,N/A,N/A,,,,,https://www.amazon.in/s?k=laptops
N/A,N/A,N/A,,,,,https://aax-eu.amazon.in/x/c/JInu84jOScrNyilStehwleEAAAGT3Y5qrgMAAAH2AQBvbm9fdHhuX2JpZDEgICBvbm9fdHhuX2ltcDEgICC_aMCM/clv1_CEuOPUxokZA0iHrVW_kk7if0ZXRCSZAzt7gIsyPR9P1Q8X83qCbcKPw18HHE8xvVjq0yzpNb3X7OfU3-A3t_ChdxNgTMNNvoSGIuWGIoFXuKItpFxYgc6JJGZxGb-QgaunlBFGcIKAi9vbEL081pr8W4XohlGrg8BEsiAfh4AU7Nl6PP0Ap8VED6LpLyLelwRXgbdMTBlJ0ZQ3V2LcVRbPl-wcGhg8IsGQfcJesv0ghavYhsmej5A1IygE_9yUUBGnD2KbmX9lBH_XwhMt5pYg7zWFCNqErhBaaB-qnmTI0eBXyOjZue_hpJFHoLdvDRv9gX0fFHb8_TvpryC-WeUZC1u4sWN_A7jpiEtfOhZNzwBBxcliU/https://www.amazon.in/stores/page/E823E591-BAFB-45C8-B9BE-2499AB1A851E/?_encoding=UTF8&store_ref=SB_A0785488ADDOAB4IDEZE-A0252300RHS4KXL3ISVN&pd_rd_plhdr=t&aaxitk=61e7a1e35549d553abbf9c9c9e5e0c97&hsa_cr_id=0&lp_asins=B0DB1SDB87%2CB0DDL495SX%2CB0D262KC1J&lp_query=laptops&lp_slot=desktop-hsa-3psl&ref_=sbx_be_s_3psl_mbd_mb0_bkgd&pd_rd_w=IGEe7&content-id=amzn1.sym.f1a4d09d-a292-48da-a86f-03294c9a41ef%3Aamzn1.sym.f1a4d09d-a292-48da-a86f-03294c9a41ef&pf_rd_p=f1a4d09d-a292-48da-a86f-03294c9a41ef&pf_rd_r=49B94KPX3TT4T3DB9PKS&pd_rd_wg=pUuNv&pd_rd_r=9bc544b3-efab-4296-acbc-615e94786654
N/A,N/A,N/A,,,,,https://www.amazon.in/gp/help/customer/display.html?nodeId=201889520
N/A,N/A,N/A,,,,,https://www.amazon.in/s?k=laptops
Product,Price,Rating,Monthly Sales,Monthly Revenue,Shipping Size Tier,BSR,Details
N/A,N/A,N/A,,,,,https://aax-eu.amazon.in/x/c/JEI6ZT3_m_ZOXNgmv1ssBvoAAAGT3bZL_gMAAAH2AQBvbm9fdHhuX2JpZDMgICBvbm9fdHhuX2ltcDEgICCIQfxO/clv1_CEuOPUxokZA0iHrVY-U1xxreBXoqUec-7rwOswOb6Mwwx39x60bdKPw18HHE8xvVjq0yzpNb3X7OfU3-A3tHBVBnDy_UHJvwTkpXTUg3dEq-M8NzxYgc6JJGZxGb-QgaunlBFGcIKAi9vbEL081pr8W4XohlGrg8BEsiAfh4AU7NlaLP1Q98VED6LpLyLelwRXgbdMTBlJ0ZQ3V2LcVRbPl-wcGhg8IsGQfcJesv0ghavYhsmej5A1IygE_9yUUBGnD2KbmX9lBH_XwhMt5pYg7zWFCNqErhBaaB-qnmTI0eBXyOjZue_hpJFHoLdvDRv9gX0fFHb8_TvpryC-WeUZC1u4sWN7lvQKlXhVxeltUGbfu3kBI/https://www.amazon.in/stores/page/E823E591-BAFB-45C8-B9BE-2499AB1A851E/?_encoding=UTF8&store_ref=SB_A0785488ADDOAB4IDEZE-A0252300RHS4KXL3ISVN&pd_rd_plhdr=t&aaxitk=61e7a1e35549d553abbf9c9c9e5e0c97&hsa_cr_id=0&lp_asins=B0DB1SDB87%2CB0DDL495SX%2CB0D262KC1J&lp_query=laptops&lp_slot=auto-sparkle-hsa-tetris&ref_=sbx_be_s_sparkle_lsi4d_bkgd&pd_rd_w=RfFIR&content-id=amzn1.sym.df9fe057-524b-4172-ac34-9a1b3c4e647d%3Aamzn1.sym.df9fe057-524b-4172-ac34-9a1b3c4e647d&pf_rd_p=df9fe057-524b-4172-ac34-9a1b3c4e647d&pf_rd_r=QM4KC31KMX4C6XZKAM2B&pd_rd_wg=GHgql&pd_rd_r=c86c1078-2880-4468-942b-cc23057bd6c0
N/A,N/A,N/A,,,,,https://www.amazon.in/s?k=laptops
"Dell [Smartchoice] Core i3-1215U, 12th Gen (8GB RAM/512GB SSD/FHD/Window 11/MS Office' 21/15""(38 cm)/15 Month McAfee/Black/1.69kg Laptop","35,990",3.6 out of 5 stars,,,,,https://www.amazon.in/sspa/click?ie=UTF8&spc=MToxMjM4MzgzODc2ODE2NjA2OjE3MzQ1OTE1MzE6c3BfYXRmOjMwMDA2ODcxNjY4MTEzMjo6MDo6&url=%2FDell-Smartchoice-i3-1215U-Processor-Spill-Resistant%2Fdp%2FB0BQJ68HHC%2Fref%3Dsr_1_1_sspa%3Fdib%3DeyJ2IjoiMSJ9.UBlC-T6AVMz3DHbsqN09RTLaJ-vO17u_m21a_xE5kwKVxGLN7b3zYUthLvMYaBYLDb5bJCDG7kzqUPis6E2LlcvEpfolVUjG9JST9MNjbRDHh2HXRWAHRCJKwwztox-qfsTP59VgQ9BsGNPUqBygca9Y2xCSOnbgtLJFP2bwv9zQQH36e6G7rpnUYYVrCPUxGNkuro_4-tuUOx5Vjc_4HmFPm25EIhB6Z7oCNQhLOTA.wReAv5UqNJg8eYgP_atLRAcRjDyeNdzPl2XgPdr_ezY%26dib_tag%3Dse%26keywords%3Dlaptops%26qid%3D1734591531%26sr%3D8-1-spons%26sp_csd%3Dd2lkZ2V0TmFtZT1zcF9hdGY%26psc%3D1
"Acer Aspire Lite 13th Gen Intel Core i3-1305U Thin and Light Premium Laptop (Windows 11 Home/8 GB RAM/512GB SSD/36 WHR) AL15-53 with 39.62cm (15.6"") Full HD Display, Metal Body, Steel Gray, 1.59 KG","33,990",3.6 out of 5 stars,,,,,https://www.amazon.in/sspa/click?ie=UTF8&spc=MToxMjM4MzgzODc2ODE2NjA2OjE3MzQ1OTE1MzE6c3BfYXRmOjMwMDI4MDMxNDIxMDgzMjo6MDo6&url=%2FAcer-i3-1305U-Premium-Windows-AL15-53%2Fdp%2FB0DB1SDB87%2Fref%3Dsr_1_2_sspa%3Fdib%3DeyJ2IjoiMSJ9.UBlC-T6AVMz3DHbsqN09RTLaJ-vO17u_m21a_xE5kwKVxGLN7b3zYUthLvMYaBYLDb5bJCDG7kzqUPis6E2LlcvEpfolVUjG9JST9MNjbRDHh2HXRWAHRCJKwwztox-qfsTP59VgQ9BsGNPUqBygca9Y2xCSOnbgtLJFP2bwv9zQQH36e6G7rpnUYYVrCPUxGNkuro_4-tuUOx5Vjc_4HmFPm25EIhB6Z7oCNQhLOTA.wReAv5UqNJg8eYgP_atLRAcRjDyeNdzPl2XgPdr_ezY%26dib_tag%3Dse%26keywords%3Dlaptops%26qid%3D1734591531%26sr%3D8-2-spons%26sp_csd%3Dd2lkZ2V0TmFtZT1zcF9hdGY%26psc%3D1
(Refurbished) Lenovo ThinkPad 8th Gen Intel Core i5 Thin & Light HD Laptop (16 GB DDR4 RAM/512 GB SSD/14 (35.6 cm) HD/Windows 11/MS Office/WiFi/Bluetooth 4.1/Webcam/Intel Graphics),"18,804",3.8 out of 5 stars,,,,,https://www.amazon.in/Refurbished-Lenovo-ThinkPad-Bluetooth-Graphics/dp/B0DMTPY8PJ/ref=sr_1_3?dib=eyJ2IjoiMSJ9.UBlC-T6AVMz3DHbsqN09RTLaJ-vO17u_m21a_xE5kwKVxGLN7b3zYUthLvMYaBYLDb5bJCDG7kzqUPis6E2LlcvEpfolVUjG9JST9MNjbRDHh2HXRWAHRCJKwwztox-qfsTP59VgQ9BsGNPUqBygca9Y2xCSOnbgtLJFP2bwv9zQQH36e6G7rpnUYYVrCPUxGNkuro_4-tuUOx5Vjc_4HmFPm25EIhB6Z7oCNQhLOTA.wReAv5UqNJg8eYgP_atLRAcRjDyeNdzPl2XgPdr_ezY&dib_tag=se&keywords=laptops&qid=1734591531&sr=8-3
"Apple MacBook Air Laptop: Apple M1 chip, 13.3-inch/33.74 cm Retina Display, 8GB RAM, 256GB SSD Storage, Backlit Keyboard, FaceTime HD Camera, Touch ID. Works with iPhone/iPad; Space Grey","56,990",4.6 out of 5 stars,,,,,https://www.amazon.in/Apple-MacBook-Chip-13-inch-256GB/dp/B08N5W4NNB/ref=sr_1_4?dib=eyJ2IjoiMSJ9.UBlC-T6AVMz3DHbsqN09RTLaJ-vO17u_m21a_xE5kwKVxGLN7b3zYUthLvMYaBYLDb5bJCDG7kzqUPis6E2LlcvEpfolVUjG9JST9MNjbRDHh2HXRWAHRCJKwwztox-qfsTP59VgQ9BsGNPUqBygca9Y2xCSOnbgtLJFP2bwv9zQQH36e6G7rpnUYYVrCPUxGNkuro_4-tuUOx5Vjc_4HmFPm25EIhB6Z7oCNQhLOTA.wReAv5UqNJg8eYgP_atLRAcRjDyeNdzPl2XgPdr_ezY&dib_tag=se&keywords=laptops&qid=1734591531&sr=8-4
"(Refurbished) HP EliteBook 820 G4 7th Gen Intel Core i5 Thin & Light HD Laptop (8 GB DDR4 RAM|256 GB SSD|12.5"" (31.8 cm) HD|Windows 11|MS Office|WiFi|Webcam|Intel HD Graphics)","14,999",4.0 out of 5 stars,,,,,https://www.amazon.in/Refurbished-HP-EliteBook-Windows-Graphics/dp/B0DKT4SRBV/ref=sr_1_5?dib=eyJ2IjoiMSJ9.UBlC-T6AVMz3DHbsqN09RTLaJ-vO17u_m21a_xE5kwKVxGLN7b3zYUthLvMYaBYLDb5bJCDG7kzqUPis6E2LlcvEpfolVUjG9JST9MNjbRDHh2HXRWAHRCJKwwztox-qfsTP59VgQ9BsGNPUqBygca9Y2xCSOnbgtLJFP2bwv9zQQH36e6G7rpnUYYVrCPUxGNkuro_4-tuUOx5Vjc_4HmFPm25EIhB6Z7oCNQhLOTA.wReAv5UqNJg8eYgP_atLRAcRjDyeNdzPl2XgPdr_ezY&dib_tag=se&keywords=laptops&qid=1734591531&sr=8-5
N/A,"75,990",4.0 out of 5 stars,,,,,https://www.amazon.in/s?k=laptops
N/A,"75,990",4.0 out of 5 stars,,,,,https://www.amazon.in/sspa/click?ie=UTF8&spc=MToyMDA1NjM3MDA1NDE2MzExOjE3MzQ1OTE1MzE6c3Bfc2VhcmNoX3RoZW1hdGljOjMwMDI1MDQ5NTk2NTkzMjo6MDo6&url=%2FDell-Smartchoice-G15-5530-Gaming-i5-13450HX%2Fdp%2FB0CRKXDX83%2Fref%3Dsxin_12_pa_sp_search_thematic_sspa%3Fcontent-id%3Damzn1.sym.cd33fa60-47cd-49f3-80b8-24b1f0cbef97%253Aamzn1.sym.cd33fa60-47cd-49f3-80b8-24b1f0cbef97%26cv_ct_cx%3Dlaptops%26keywords%3Dlaptops%26pd_rd_i%3DB0CRKXDX83%26pd_rd_r%3D574f1597-da92-4392-a4ce-21fb4f689c86%26pd_rd_w%3DXPTZR%26pd_rd_wg%3DmCjHb%26pf_rd_p%3Dcd33fa60-47cd-49f3-80b8-24b1f0cbef97%26pf_rd_r%3DQM4KC31KMX4C6XZKAM2B%26qid%3D1734591531%26sbo%3DRZvfv%252F%252FHxDF%252BO5021pAnSA%253D%253D%26sr%3D1-1-ced4eeeb-b190-41d6-902a-1ecb3fb8b7c4-spons%26sp_csd%3Dd2lkZ2V0TmFtZT1zcF9zZWFyY2hfdGhlbWF0aWM%26psc%3D1
N/A,"49,990",4.1 out of 5 stars,,,,,https://www.amazon.in/sspa/click?ie=UTF8&spc=MToyMDA1NjM3MDA1NDE2MzExOjE3MzQ1OTE1MzE6c3Bfc2VhcmNoX3RoZW1hdGljOjMwMDI4Mjc2MTM5NDkzMjo6MTo6&url=%2FHP-i5-1334U-15-6-inch-Speakers-15-fd0220TU%2Fdp%2FB0CY2PZZJB%2Fref%3Dsxin_12_pa_sp_search_thematic_sspa%3Fcontent-id%3Damzn1.sym.cd33fa60-47cd-49f3-80b8-24b1f0cbef97%253Aamzn1.sym.cd33fa60-47cd-49f3-80b8-24b1f0cbef97%26cv_ct_cx%3Dlaptops%26keywords%3Dlaptops%26pd_rd_i%3DB0CY2PZZJB%26pd_rd_r%3D574f1597-da92-4392-a4ce-21fb4f689c86%26pd_rd_w%3DXPTZR%26pd_rd_wg%3DmCjHb%26pf_rd_p%3Dcd33fa60-47cd-49f3-80b8-24b1f0cbef97%26pf_rd_r%3DQM4KC31KMX4C6XZKAM2B%26qid%3D1734591531%26sbo%3DRZvfv%252F%252FHxDF%252BO5021pAnSA%253D%253D%26sr%3D1-2-ced4eeeb-b190-41d6-902a-1ecb3fb8b7c4-spons%26sp_csd%3Dd2lkZ2V0TmFtZT1zcF9zZWFyY2hfdGhlbWF0aWM%26psc%3D1
N/A,"38,190",4.0 out of 5 stars,,,,,https://www.amazon.in/sspa/click?ie=UTF8&spc=MToyMDA1NjM3MDA1NDE2MzExOjE3MzQ1OTE1MzE6c3Bfc2VhcmNoX3RoZW1hdGljOjMwMDA3MDc4NzE0MzUzMjo6Mjo6&url=%2FLenovo-IdeaPad-39-62cm-Windows-82R400BGIN%2Fdp%2FB09MM58Y7Q%2Fref%3Dsxin_12_pa_sp_search_thematic_sspa%3Fcontent-id%3Damzn1.sym.cd33fa60-47cd-49f3-80b8-24b1f0cbef97%253Aamzn1.sym.cd33fa60-47cd-49f3-80b8-24b1f0cbef97%26cv_ct_cx%3Dlaptops%26keywords%3Dlaptops%26pd_rd_i%3DB09MM58Y7Q%26pd_rd_r%3D574f1597-da92-4392-a4ce-21fb4f689c86%26pd_rd_w%3DXPTZR%26pd_rd_wg%3DmCjHb%26pf_rd_p%3Dcd33fa60-47cd-49f3-80b8-24b1f0cbef97%26pf_rd_r%3DQM4KC31KMX4C6XZKAM2B%26qid%3D1734591531%26sbo%3DRZvfv%252F%252FHxDF%252BO5021pAnSA%253D%253D%26sr%3D1-3-ced4eeeb-b190-41d6-902a-1ecb3fb8b7c4-spons%26sp_csd%3Dd2lkZ2V0TmFtZT1zcF9zZWFyY2hfdGhlbWF0aWM%26psc%3D1
N/A,"36,999",4.0 out of 5 stars,,,,,https://www.amazon.in/sspa/click?ie=UTF8&spc=MToyMDA1NjM3MDA1NDE2MzExOjE3MzQ1OTE1MzE6c3Bfc2VhcmNoX3RoZW1hdGljOjMwMDExOTk5Mjg4ODczMjo6Mzo6&url=%2FHP-i3-1215U-15-6-inch-Graphics-Speakers%2Fdp%2FB0BP2M7CCS%2Fref%3Dsxin_12_pa_sp_search_thematic_sspa%3Fcontent-id%3Damzn1.sym.cd33fa60-47cd-49f3-80b8-24b1f0cbef97%253Aamzn1.sym.cd33fa60-47cd-49f3-80b8-24b1f0cbef97%26cv_ct_cx%3Dlaptops%26keywords%3Dlaptops%26pd_rd_i%3DB0BP2M7CCS%26pd_rd_r%3D574f1597-da92-4392-a4ce-21fb4f689c86%26pd_rd_w%3DXPTZR%26pd_rd_wg%3DmCjHb%26pf_rd_p%3Dcd33fa60-47cd-49f3-80b8-24b1f0cbef97%26pf_rd_r%3DQM4KC31KMX4C6XZKAM2B%26qid%3D1734591531%26sbo%3DRZvfv%252F%252FHxDF%252BO5021pAnSA%253D%253D%26sr%3D1-4-ced4eeeb-b190-41d6-902a-1ecb3fb8b7c4-spons%26sp_csd%3Dd2lkZ2V0TmFtZT1zcF9zZWFyY2hfdGhlbWF0aWM%26psc%3D1
"Qatalitic Portable Metal Frame Laptop Stand Holder, Multi Level Adjustable Aluminum Ergonomic Foldable Stand, OverHeating Protection for All Laptops and for Multifunction Use (Silver)",444,4.3 out of 5 stars,,,,,https://aax-eu.amazon.in/x/c/JMOheOJFOf0Ks4_8h5lk48YAAAGT3bZL5gMAAAH2AQBvbm9fdHhuX2JpZDEgICBvbm9fdHhuX2ltcDEgICBe1SBF/clv1_CEuOPUxokZA0iHrVRbkDn37TfS09a6MnttEW1Tm1y-Flx39o60bdKPw18HHE8xvVjq0yzpNb3X7OfU2IA3thWWY_ayKsS4zKClMPIFBRTmSdHpZzxYgc6JJGZyeD6xsg0Rgbr4Br3LDLjPPgMJ3dHM-R7f-u8u41tMihnYX_NQ3yjP2SzA5iHAfgdMS3dPV0UjURbJnDhYtDByosK9hSfeAQh46plcUsGR_YO9xj3QYPrYhyg725A00ugAazyVxAXSeoLebJsFxjyQkFMt9rKk3-N1CbozbBIv-27fLJZLYSeG2ZjZmJ5R-Sfj_7JKDk_-kf8DsGPxu27emhJfaZGepVy-pfXxI3s4RBjxYHevo1caE_MQHqCDCkdO_ExdT7Wg/https://www.amazon.in/dp/B0CXM74G3H?pd_rd_i=B0CXM74G3H&pf_rd_p=288d7cd9-bdfb-4778-882a-c15de0f76151&pf_rd_r=QM4KC31KMX4C6XZKAM2B&pd_rd_wg=mCjHb&pd_rd_w=m6K3k&pd_rd_r=574f1597-da92-4392-a4ce-21fb4f689c86
N/A,N/A,N/A,,,,,https://www.amazon.in/s?k=laptops
"Lenovo V14 G3 (2024), Intel Core i5 12th Gen 1235U /16GB/512GB SSD/Intel UHD Graphics/Windows 11/ Thin and Light Business Laptop/14.0"" FHD Display/Iron Grey/1.57 kg/MS Office","38,440",3.3 out of 5 stars,,,,,https://www.amazon.in/Lenovo-V14-G3-Graphics-Business/dp/B08HJWSGW6/ref=sr_1_6?dib=eyJ2IjoiMSJ9.UBlC-T6AVMz3DHbsqN09RTLaJ-vO17u_m21a_xE5kwKVxGLN7b3zYUthLvMYaBYLDb5bJCDG7kzqUPis6E2LlcvEpfolVUjG9JST9MNjbRDHh2HXRWAHRCJKwwztox-qfsTP59VgQ9BsGNPUqBygca9Y2xCSOnbgtLJFP2bwv9zQQH36e6G7rpnUYYVrCPUxGNkuro_4-tuUOx5Vjc_4HmFPm25EIhB6Z7oCNQhLOTA.wReAv5UqNJg8eYgP_atLRAcRjDyeNdzPl2XgPdr_ezY&dib_tag=se&keywords=laptops&qid=1734591531&sr=8-6
"Acer Aspire 3 Laptop Intel Core Celeron N4500 Processor Laptop (8 GB LPDDR4X SDRAM/512 GB SSD/Win11 Home/38 WHR/HD Webcam) A325-45 with 39.63 cm (15.6"") HD Display, Pure Silver, 1.5 KG","21,990",3.2 out of 5 stars,,,,,https://www.amazon.in/Acer-Celeron-Processor-LPDDR4X-A325-45/dp/B0D7PYTTGH/ref=sr_1_7?dib=eyJ2IjoiMSJ9.UBlC-T6AVMz3DHbsqN09RTLaJ-vO17u_m21a_xE5kwKVxGLN7b3zYUthLvMYaBYLDb5bJCDG7kzqUPis6E2LlcvEpfolVUjG9JST9MNjbRDHh2HXRWAHRCJKwwztox-qfsTP59VgQ9BsGNPUqBygca9Y2xCSOnbgtLJFP2bwv9zQQH36e6G7rpnUYYVrCPUxGNkuro_4-tuUOx5Vjc_4HmFPm25EIhB6Z7oCNQhLOTA.wReAv5UqNJg8eYgP_atLRAcRjDyeNdzPl2XgPdr_ezY&dib_tag=se&keywords=laptops&qid=1734591531&sr=8-7
"HP Laptop 15s, 12th Gen Intel Core i3, 15.6-inch (39.6 cm), 8GB DDR4, 512GB SSD, Thin & Light, Dual Speakers (Win 11, MSO 2021, Silver, 1.69 kg), fq5007TU / FQ5327TU","36,999",4.0 out of 5 stars,,,,,https://www.amazon.in/HP-i3-1215U-15-6-inch-Graphics-Speakers/dp/B0BP2M7CCS/ref=sr_1_8?dib=eyJ2IjoiMSJ9.UBlC-T6AVMz3DHbsqN09RTLaJ-vO17u_m21a_xE5kwKVxGLN7b3zYUthLvMYaBYLDb5bJCDG7kzqUPis6E2LlcvEpfolVUjG9JST9MNjbRDHh2HXRWAHRCJKwwztox-qfsTP59VgQ9BsGNPUqBygca9Y2xCSOnbgtLJFP2bwv9zQQH36e6G7rpnUYYVrCPUxGNkuro_4-tuUOx5Vjc_4HmFPm25EIhB6Z7oCNQhLOTA.wReAv5UqNJg8eYgP_atLRAcRjDyeNdzPl2XgPdr_ezY&dib_tag=se&keywords=laptops&qid=1734591531&sr=8-8
"(Refurbished) Lenovo ThinkPad 6th Gen Intel Core i5 Thin & Light HD Laptop (16GB RAM / 512GB SSD /14"" (35.6 cm) HD/Windows 11/MS Office/WiFi/Webcam/Intel Graphics), Black","13,318",3.3 out of 5 stars,,,,,https://www.amazon.in/Refurbished-Lenovo-ThinkPad-Windows-Graphics/dp/B0CR496TBN/ref=sr_1_9?dib=eyJ2IjoiMSJ9.UBlC-T6AVMz3DHbsqN09RTLaJ-vO17u_m21a_xE5kwKVxGLN7b3zYUthLvMYaBYLDb5bJCDG7kzqUPis6E2LlcvEpfolVUjG9JST9MNjbRDHh2HXRWAHRCJKwwztox-qfsTP59VgQ9BsGNPUqBygca9Y2xCSOnbgtLJFP2bwv9zQQH36e6G7rpnUYYVrCPUxGNkuro_4-tuUOx5Vjc_4HmFPm25EIhB6Z7oCNQhLOTA.wReAv5UqNJg8eYgP_atLRAcRjDyeNdzPl2XgPdr_ezY&dib_tag=se&keywords=laptops&qid=1734591531&sr=8-9
"Lenovo IdeaPad Slim 1 Intel Core Celeron N4020 14"" HD Thin and Light Laptop (8GB/512GB SSD/Windows 11 Home/Office 21/1Yr Warranty/Cloud Grey/1.3Kg), 82V6009LIN","23,990",3.2 out of 5 stars,,,,,https://www.amazon.in/Lenovo-IdeaPad-Celeron-Warranty-82V6009LIN/dp/B0D6Z2H2HR/ref=sr_1_10?dib=eyJ2IjoiMSJ9.UBlC-T6AVMz3DHbsqN09RTLaJ-vO17u_m21a_xE5kwKVxGLN7b3zYUthLvMYaBYLDb5bJCDG7kzqUPis6E2LlcvEpfolVUjG9JST9MNjbRDHh2HXRWAHRCJKwwztox-qfsTP59VgQ9BsGNPUqBygca9Y2xCSOnbgtLJFP2bwv9zQQH36e6G7rpnUYYVrCPUxGNkuro_4-tuUOx5Vjc_4HmFPm25EIhB6Z7oCNQhLOTA.wReAv5UqNJg8eYgP_atLRAcRjDyeNdzPl2XgPdr_ezY&dib_tag=se&keywords=laptops&qid=1734591531&sr=8-10
"Acer Aspire Lite 12th Gen Intel Core i5-12450H Thin and Light Laptop (Windows11Home/16GB RAM/512GB SSD/MSO) AL15-52H, 39.62cm (15.6"") IPS Full HD, Backlit Keyboard, Pure Silver, 1.7KG","49,990",3.9 out of 5 stars,,,,,https://www.amazon.in/sspa/click?ie=UTF8&spc=MToxMjM4MzgzODc2ODE2NjA2OjE3MzQ1OTE1MzE6c3BfbXRmOjMwMDMyNTkyMDk2MzczMjo6MDo6&url=%2FAcer-i5-12450H-Windows11Home-AL15-52H-Keyboard%2Fdp%2FB0DDL495SX%2Fref%3Dsr_1_11_sspa%3Fdib%3DeyJ2IjoiMSJ9.UBlC-T6AVMz3DHbsqN09RTLaJ-vO17u_m21a_xE5kwKVxGLN7b3zYUthLvMYaBYLDb5bJCDG7kzqUPis6E2LlcvEpfolVUjG9JST9MNjbRDHh2HXRWAHRCJKwwztox-qfsTP59VgQ9BsGNPUqBygca9Y2xCSOnbgtLJFP2bwv9zQQH36e6G7rpnUYYVrCPUxGNkuro_4-tuUOx5Vjc_4HmFPm25EIhB6Z7oCNQhLOTA.wReAv5UqNJg8eYgP_atLRAcRjDyeNdzPl2XgPdr_ezY%26dib_tag%3Dse%26keywords%3Dlaptops%26qid%3D1734591531%26sr%3D8-11-spons%26sp_csd%3Dd2lkZ2V0TmFtZT1zcF9tdGY%26psc%3D1
"Dell Inspiron 3530 Laptop, 13th Generation Intel Core i7-1355U Processor, 16GB, 512GB, 15.6"" (39.62cm) FHD 120Hz Display, Backlit KB, Windows 11 + MSO'21, 15 Month McAfee, Silver, Thin & Light-1.62kg","68,790",5.0 out of 5 stars,,,,,https://www.amazon.in/sspa/click?ie=UTF8&spc=MToxMjM4MzgzODc2ODE2NjA2OjE3MzQ1OTE1MzE6c3BfbXRmOjMwMDQzOTA1OTk5MzczMjo6MDo6&url=%2FDell-Inspiron-3530-Generation-Light-1-62kg%2Fdp%2FB0DFCM24S3%2Fref%3Dsr_1_12_sspa%3Fdib%3DeyJ2IjoiMSJ9.UBlC-T6AVMz3DHbsqN09RTLaJ-vO17u_m21a_xE5kwKVxGLN7b3zYUthLvMYaBYLDb5bJCDG7kzqUPis6E2LlcvEpfolVUjG9JST9MNjbRDHh2HXRWAHRCJKwwztox-qfsTP59VgQ9BsGNPUqBygca9Y2xCSOnbgtLJFP2bwv9zQQH36e6G7rpnUYYVrCPUxGNkuro_4-tuUOx5Vjc_4HmFPm25EIhB6Z7oCNQhLOTA.wReAv5UqNJg8eYgP_atLRAcRjDyeNdzPl2XgPdr_ezY%26dib_tag%3Dse%26keywords%3Dlaptops%26qid%3D1734591531%26sr%3D8-12-spons%26sp_csd%3Dd2lkZ2V0TmFtZT1zcF9tdGY%26psc%3D1
"Lenovo V15 G4 AMD Athlon Silver 7120U Laptop 8GB LPDDR5 Ram, 512 GB SSD PCIe, Windows 11 Lifetime Validity,15.6"" FHD Screen, AMD Radeon 610M, Silver, 1 Year Brand Warranty","24,990",4.0 out of 5 stars,,,,,https://www.amazon.in/Lenovo-V15-Lifetime-Validity-Warranty/dp/B0CL7CMTXS/ref=sr_1_13?dib=eyJ2IjoiMSJ9.UBlC-T6AVMz3DHbsqN09RTLaJ-vO17u_m21a_xE5kwKVxGLN7b3zYUthLvMYaBYLDb5bJCDG7kzqUPis6E2LlcvEpfolVUjG9JST9MNjbRDHh2HXRWAHRCJKwwztox-qfsTP59VgQ9BsGNPUqBygca9Y2xCSOnbgtLJFP2bwv9zQQH36e6G7rpnUYYVrCPUxGNkuro_4-tuUOx5Vjc_4HmFPm25EIhB6Z7oCNQhLOTA.wReAv5UqNJg8eYgP_atLRAcRjDyeNdzPl2XgPdr_ezY&dib_tag=se&keywords=laptops&qid=1734591531&sr=8-13
"Dell [Smartchoice] Core i3-1215U, 12th Gen (8GB RAM/512GB SSD/FHD/Window 11/MS Office' 21/15""(38 cm)/15 Month McAfee/Black/1.69kg Laptop","35,990",3.6 out of 5 stars,,,,,https://www.amazon.in/Dell-Smartchoice-i3-1215U-Processor-Spill-Resistant/dp/B0BQJ68HHC/ref=sr_1_14?dib=eyJ2IjoiMSJ9.UBlC-T6AVMz3DHbsqN09RTLaJ-vO17u_m21a_xE5kwKVxGLN7b3zYUthLvMYaBYLDb5bJCDG7kzqUPis6E2LlcvEpfolVUjG9JST9MNjbRDHh2HXRWAHRCJKwwztox-qfsTP59VgQ9BsGNPUqBygca9Y2xCSOnbgtLJFP2bwv9zQQH36e6G7rpnUYYVrCPUxGNkuro_4-tuUOx5Vjc_4HmFPm25EIhB6Z7oCNQhLOTA.wReAv5UqNJg8eYgP_atLRAcRjDyeNdzPl2XgPdr_ezY&dib_tag=se&keywords=laptops&qid=1734591531&sr=8-14
"Acer [Smartchoice Aspire Lite AMD Ryzen 3 5300U Premium Thin and Light Laptop (Windows 11 Home/8 GB RAM/512 GB SSD) AL15-41 with 39.62 cm (15.6"") Full HD Display, Metal Body, Steel Gray, 1.6 KG","28,990",3.9 out of 5 stars,,,,,https://www.amazon.in/Acer-Smartchoice-Premium-Windows-AL15-41/dp/B0CWTSF1TK/ref=sr_1_15?dib=eyJ2IjoiMSJ9.UBlC-T6AVMz3DHbsqN09RTLaJ-vO17u_m21a_xE5kwKVxGLN7b3zYUthLvMYaBYLDb5bJCDG7kzqUPis6E2LlcvEpfolVUjG9JST9MNjbRDHh2HXRWAHRCJKwwztox-qfsTP59VgQ9BsGNPUqBygca9Y2xCSOnbgtLJFP2bwv9zQQH36e6G7rpnUYYVrCPUxGNkuro_4-tuUOx5Vjc_4HmFPm25EIhB6Z7oCNQhLOTA.wReAv5UqNJg8eYgP_atLRAcRjDyeNdzPl2XgPdr_ezY&dib_tag=se&keywords=laptops&qid=1734591531&sr=8-15
"HP Laptop 255 G9 (2024), AMD Ryzen 5 5625U Hexa Core - (8GB/512GB SSD/AMD Radeon Graphics/Windows 11) Thin and Light Business Laptop/15.6"" (39.62cm)/Silver/1.47 kg/","33,730",5.0 out of 5 stars,,,,,https://www.amazon.in/HP-Laptop-255-G9-Ryzen/dp/B0DH8831VF/ref=sr_1_16?dib=eyJ2IjoiMSJ9.UBlC-T6AVMz3DHbsqN09RTLaJ-vO17u_m21a_xE5kwKVxGLN7b3zYUthLvMYaBYLDb5bJCDG7kzqUPis6E2LlcvEpfolVUjG9JST9MNjbRDHh2HXRWAHRCJKwwztox-qfsTP59VgQ9BsGNPUqBygca9Y2xCSOnbgtLJFP2bwv9zQQH36e6G7rpnUYYVrCPUxGNkuro_4-tuUOx5Vjc_4HmFPm25EIhB6Z7oCNQhLOTA.wReAv5UqNJg8eYgP_atLRAcRjDyeNdzPl2XgPdr_ezY&dib_tag=se&keywords=laptops&qid=1734591531&sr=8-16
"Acer Aspire 3 Laptop Intel Core Celeron N4500 Processor Laptop (8 GB LPDDR4X SDRAM/256 GB SSD/Win11 Home/38 WHR/HD Webcam) A325-45 with 39.63 cm (15.6"") HD Display, Pure Silver, 1.5 KG","20,990",3.2 out of 5 stars,,,,,https://www.amazon.in/Acer-Celeron-Processor-LPDDR4X-A325-45/dp/B0D7PTFFZH/ref=sr_1_17?dib=eyJ2IjoiMSJ9.UBlC-T6AVMz3DHbsqN09RTLaJ-vO17u_m21a_xE5kwKVxGLN7b3zYUthLvMYaBYLDb5bJCDG7kzqUPis6E2LlcvEpfolVUjG9JST9MNjbRDHh2HXRWAHRCJKwwztox-qfsTP59VgQ9BsGNPUqBygca9Y2xCSOnbgtLJFP2bwv9zQQH36e6G7rpnUYYVrCPUxGNkuro_4-tuUOx5Vjc_4HmFPm25EIhB6Z7oCNQhLOTA.wReAv5UqNJg8eYgP_atLRAcRjDyeNdzPl2XgPdr_ezY&dib_tag=se&keywords=laptops&qid=1734591531&sr=8-17
"Lenovo IdeaPad Slim 3 12th Gen Intel Core i5-12450H 14"" (35.5cm) FHD 250 Nits Thin & Light Laptop (16GB/512GB SSD/Win 11/Office 21/1Yr Warranty/Alexa built-in/3 mon. Game Pass/Grey/1.37Kg), 83EQ005VIN","50,390",3.9 out of 5 stars,,,,,https://www.amazon.in/Lenovo-IdeaPad-i5-12450H-Warranty-83EQ005VIN/dp/B0D6MPVN7B/ref=sr_1_18?dib=eyJ2IjoiMSJ9.UBlC-T6AVMz3DHbsqN09RTLaJ-vO17u_m21a_xE5kwKVxGLN7b3zYUthLvMYaBYLDb5bJCDG7kzqUPis6E2LlcvEpfolVUjG9JST9MNjbRDHh2HXRWAHRCJKwwztox-qfsTP59VgQ9BsGNPUqBygca9Y2xCSOnbgtLJFP2bwv9zQQH36e6G7rpnUYYVrCPUxGNkuro_4-tuUOx5Vjc_4HmFPm25EIhB6Z7oCNQhLOTA.wReAv5UqNJg8eYgP_atLRAcRjDyeNdzPl2XgPdr_ezY&dib_tag=se&keywords=laptops&qid=1734591531&sr=8-18
"Dell Inspiron 3535, AMD Ryzen 3 7320U Processor, (8GB RAM/512GB SSD/Window 11/MS Office' 21/15.6""(39.62 cm) FHD Display/15 Month McAfee/Carbon Black/1.67kg Thin & Light Laptop","29,990",3.8 out of 5 stars,,,,,https://www.amazon.in/Dell-Inspiron-Processor-Window-Display/dp/B0DG5CY2Y2/ref=sr_1_19?dib=eyJ2IjoiMSJ9.UBlC-T6AVMz3DHbsqN09RTLaJ-vO17u_m21a_xE5kwKVxGLN7b3zYUthLvMYaBYLDb5bJCDG7kzqUPis6E2LlcvEpfolVUjG9JST9MNjbRDHh2HXRWAHRCJKwwztox-qfsTP59VgQ9BsGNPUqBygca9Y2xCSOnbgtLJFP2bwv9zQQH36e6G7rpnUYYVrCPUxGNkuro_4-tuUOx5Vjc_4HmFPm25EIhB6Z7oCNQhLOTA.wReAv5UqNJg8eYgP_atLRAcRjDyeNdzPl2XgPdr_ezY&dib_tag=se&keywords=laptops&qid=1734591531&sr=8-19
(Refurbished) Lenovo ThinkPad 8th Gen Intel Core i5 Thin & Light HD Laptop (8 GB DDR4 RAM/256 GB SSD/14 (35.6 cm) HD/Windows 11/MS Office/WiFi/Bluetooth 4.1/Webcam/Intel Graphics),"16,999",3.5 out of 5 stars,,,,,https://www.amazon.in/Refurbished-Lenovo-ThinkPad-Bluetooth-Graphics/dp/B0DMTNY1KM/ref=sr_1_20?dib=eyJ2IjoiMSJ9.UBlC-T6AVMz3DHbsqN09RTLaJ-vO17u_m21a_xE5kwKVxGLN7b3zYUthLvMYaBYLDb5bJCDG7kzqUPis6E2LlcvEpfolVUjG9JST9MNjbRDHh2HXRWAHRCJKwwztox-qfsTP59VgQ9BsGNPUqBygca9Y2xCSOnbgtLJFP2bwv9zQQH36e6G7rpnUYYVrCPUxGNkuro_4-tuUOx5Vjc_4HmFPm25EIhB6Z7oCNQhLOTA.wReAv5UqNJg8eYgP_atLRAcRjDyeNdzPl2XgPdr_ezY&dib_tag=se&keywords=laptops&qid=1734591531&sr=8-20
"Dell 15 Thin & Light Laptop, Windows 11 Home, Intel Core i5-1235U Processor, 8GB RAM + 512GB SSD, 15.6"" FHD Window 11 + Mso '21, 15 Month Mcafee, Spill-Resistant Keyboard, Black, 1.66Kg","46,490",3.8 out of 5 stars,,,,,https://www.amazon.in/sspa/click?ie=UTF8&spc=MToxMjM4MzgzODc2ODE2NjA2OjE3MzQ1OTE1MzE6c3BfYnRmOjMwMDEzNzkwMzc3NzczMjo6MDo6&url=%2FDell-i5-1235U-Processor-Antivirus-Spill-Resistant%2Fdp%2FB0CSG4G18G%2Fref%3Dsr_1_21_sspa%3Fdib%3DeyJ2IjoiMSJ9.UBlC-T6AVMz3DHbsqN09RTLaJ-vO17u_m21a_xE5kwKVxGLN7b3zYUthLvMYaBYLDb5bJCDG7kzqUPis6E2LlcvEpfolVUjG9JST9MNjbRDHh2HXRWAHRCJKwwztox-qfsTP59VgQ9BsGNPUqBygca9Y2xCSOnbgtLJFP2bwv9zQQH36e6G7rpnUYYVrCPUxGNkuro_4-tuUOx5Vjc_4HmFPm25EIhB6Z7oCNQhLOTA.wReAv5UqNJg8eYgP_atLRAcRjDyeNdzPl2XgPdr_ezY%26dib_tag%3Dse%26keywords%3Dlaptops%26qid%3D1734591531%26sr%3D8-21-spons%26sp_csd%3Dd2lkZ2V0TmFtZT1zcF9idGY%26psc%3D1
"Lenovo ThinkPad E14 Intel Core i3 13th Gen 14"" WUXGA IPS 300 Nits Thin and Light Laptop (8GB RAM/512GB SSD/Windows 11 Home/FPR/Black/1Y Onsite/1.41 kg), 21JKS13L00","46,900",3.7 out of 5 stars,,,,,https://www.amazon.in/sspa/click?ie=UTF8&spc=MToxMjM4MzgzODc2ODE2NjA2OjE3MzQ1OTE1MzE6c3BfYnRmOjMwMDMxNDM4ODI2OTMzMjo6MDo6&url=%2FLenovo-ThinkPad-Laptop-Windows-21JKS13L00%2Fdp%2FB0D66YKRTZ%2Fref%3Dsr_1_22_sspa%3Fdib%3DeyJ2IjoiMSJ9.UBlC-T6AVMz3DHbsqN09RTLaJ-vO17u_m21a_xE5kwKVxGLN7b3zYUthLvMYaBYLDb5bJCDG7kzqUPis6E2LlcvEpfolVUjG9JST9MNjbRDHh2HXRWAHRCJKwwztox-qfsTP59VgQ9BsGNPUqBygca9Y2xCSOnbgtLJFP2bwv9zQQH36e6G7rpnUYYVrCPUxGNkuro_4-tuUOx5Vjc_4HmFPm25EIhB6Z7oCNQhLOTA.wReAv5UqNJg8eYgP_atLRAcRjDyeNdzPl2XgPdr_ezY%26dib_tag%3Dse%26keywords%3Dlaptops%26qid%3D1734591531%26sr%3D8-22-spons%26sp_csd%3Dd2lkZ2V0TmFtZT1zcF9idGY%26psc%3D1
Quick Heal AntiFraud.AI| All-in-one solution for fraud prevention| Fraud Call and Banking Fraud Alert| Android/iOS/Windows Devices| Email Delivery in 1 Hour.(NEW LAUNCH),759,4.1 out of 5 stars,,,,,https://aax-eu.amazon.in/x/c/JGOK7ZkUS-0R5aCYD057YgoAAAGT3bZL3gMAAAH2AQBvbm9fdHhuX2JpZDMgICBvbm9fdHhuX2ltcDEgICCrA6Sc/clv1_CEuOPUxokZA0iHrVa7s33yfqelQkaJoxs7UIzQCM6-Jex39s60bdKPw18HHE8xvVjq0yzpNb3X7OfU31A3tPW1J_MhurMpXJM0UKRE5Jd129Ha1zxYgc6JJGZxqDwA400-L0rKUqEyDYMTKTMocr2bRgf_OQoXRcxz18IuE8Q1TRlrnQ1hJnAxjkaNnkLOk2DmgANIWag5daWm52LZlWY-EBkM6hl6tqChDBJKMyygIF84JumvWoS04s3xn93EJDCTjgKLnRsQJykRVQdu1eXy-5ZGe_iUrqEd6AsJjSCrMkI0mlzpS-xTzUQhLGFFDNtTl2hpMQZt71h7T7EPKdCO5yycsuC_tcxc5wlkcQ-qVdtBEzu5McPIjzAg/https://www.amazon.in/dp/B0DHTZ6FLG?pd_rd_i=B0DHTZ6FLG&pf_rd_p=3353ca56-2043-45f1-9c2e-99dccef31d9d&pf_rd_r=QM4KC31KMX4C6XZKAM2B&pd_rd_wg=3TSnf&pd_rd_w=42JPH&pd_rd_r=97638ee3-c2fd-4e89-ae35-9086aa66a58f
N/A,N/A,N/A,,,,,https://www.amazon.in/s?k=lenovo+laptops&ref=rsl_sug_0_0&pd_rd_w=TWnfy&content-id=amzn1.sym.09a5fdc4-ee6d-473e-9a0f-53d3728046ff:amzn1.sym.09a5fdc4-ee6d-473e-9a0f-53d3728046ff&pf_rd_p=09a5fdc4-ee6d-473e-9a0f-53d3728046ff&pf_rd_r=QM4KC31KMX4C6XZKAM2B&pd_rd_wg=3TSnf&pd_rd_r=97638ee3-c2fd-4e89-ae35-9086aa66a58f&qid=1734591531
N/A,N/A,N/A,,,,,https://www.amazon.in/s?k=laptops
N/A,N/A,N/A,,,,,https://aax-eu.amazon.in/x/c/JOe_h2VxjYxiIDcePSk6qx4AAAGT3bZMnwMAAAH2AQBvbm9fdHhuX2JpZDIgICBvbm9fdHhuX2ltcDEgICDQvpmy/clv1_CEuOPUxokZA0iHrVffwt2S70eVxGC7w5mc0h2BWA6Okw4X8a5EbdKPw18HHE8xvVjq0yzpNb3X7OfU3-A3sjWA1DBRG-MMjcMk4rdh0gaGe4BqZzxYgc6JJGZxGb-QgaunlBFGcIKAi9vbEL081pr8W4XohlHbg_BEsiAfh4AU7NkqHP0ApiH1CidIDkKrBsWjUXdtnElYxSBHJsPNJNY_QI-IOhmsk6DgPPMrRt0wkY845lmbT7HA8wnUS0gVVZQGLgLuCL5VMn_WUqBMltcRmuOV-brDaLFdz8zbjzRIgtCHqY4OS84xGfoGaz0uTZtYsz88x4YvPGnLLYJfyoI50iF48cPlDlf7zS-F_zmAVMr5dab03p/https://www.amazon.in/stores/page/E823E591-BAFB-45C8-B9BE-2499AB1A851E/?_encoding=UTF8&store_ref=SB_A0785488ADDOAB4IDEZE-A0252300RHS4KXL3ISVN&pd_rd_plhdr=t&aaxitk=61e7a1e35549d553abbf9c9c9e5e0c97&hsa_cr_id=0&lp_asins=B0DB1SDB87%2CB0DDL495SX%2CB0D262KC1J&lp_query=laptops&lp_slot=desktop-hsa-3psl&ref_=sbx_be_s_3psl_mbd_mb0_bkgd&pd_rd_w=dOHmu&content-id=amzn1.sym.f1a4d09d-a292-48da-a86f-03294c9a41ef%3Aamzn1.sym.f1a4d09d-a292-48da-a86f-03294c9a41ef&pf_rd_p=f1a4d09d-a292-48da-a86f-03294c9a41ef&pf_rd_r=QM4KC31KMX4C6XZKAM2B&pd_rd_wg=yXKGo&pd_rd_r=b37fc3b2-cade-42d9-8a60-1a7a67c4745d
N/A,N/A,N/A,,,,,https://www.amazon.in/gp/help/customer/display.html?nodeId=201889520
N/A,N/A,N/A,,,,,https://www.amazon.in/s?k=laptops
